0.05,0.000630957344480193,1.3803842646028867e7,831763.7711026708
0.05,0.0007079457843841374,9.54992586021437e6,741310.2413009177
0.05,0.0007943282347242813,6.606934480075965e6,645654.2290346563
0.05,0.000891250938133745,4.5708818961487515e6,549540.8738576248
0.05,0.001,3.235936569296281e6,467735.1412871981
0.05,0.001122018454301963,2.238721138568342e6,398107.17055349774
0.05,0.0012589254117941662,1.5488166189124826e6,323593.6569296281
0.05,0.001412537544622754,1.071519305237607e6,269153.4803926914
0.05,0.0015848931924611126,741310.2413009177,213796.20895022326
0.05,0.0017782794100389228,512861.3839913648,169824.3652461746
0.05,0.001995262314968879,363078.05477010173,134896.28825916533
0.05,0.0022387211385683377,251188.6431509582,104712.85480509007
0.05,0.0025118864315095794,173780.08287493762,79432.82347242821
0.05,0.002818382931264452,120226.4434617413,61659.50018614822
0.05,0.0031622776601683794,83176.37711026709,45708.818961487515
0.05,0.0035481338923357532,58884.36553555896,8511.380382023768
0.05,0.003981071705534969,40738.02778041131,7244.359600749898
0.05,0.0044668359215096305,7413.102413009177,6025.5958607435805
0.05,0.005011872336272719,6025.5958607435805,4897.7881936844615
0.05,0.005623413251903491,4897.7881936844615,4073.802778041126
0.05,0.00630957344480193,3981.0717055349733,3388.4415613920273
0.05,0.0070794578438413735,3162.2776601683795,2754.2287033381663
0.05,0.007943282347242814,2570.3957827688646,2290.8676527677726
0.05,0.008912509381337459,2089.2961308540407,1862.0871366628676
0.05,0.01,1698.2436524617442,1548.816618912481
0.05,0.01122018454301963,1348.9628825916532,1258.9254117941675
0.05,0.012589254117941668,1096.4781961431852,1023.2929922807547
0.05,0.01412537544622754,891.2509381337459,831.7637711026708
0.05,0.015848931924611134,724.4359600749899,676.0829753919819
0.05,0.01778279410038923,588.843655355589,549.5408738576248
0.05,0.01995262314968879,467.73514128719813,446.683592150963
0.05,0.02238721138568339,380.1893963205613,363.0780547701014
0.05,0.025118864315095794,309.0295432513592,295.1209226666387
0.05,0.028183829312644536,251.18864315095797,239.88329190194898
0.05,0.03162277660168379,204.17379446695296,194.98445997580455
0.05,0.03548133892335753,162.18100973589299,158.48931924611142
0.05,0.03981071705534971,131.82567385564073,128.82495516931337
0.05,0.0446683592150963,107.1519305237607,104.71285480508996
0.05,0.05011872336272722,87.09635899560806,85.11380382023764
0.05,0.05623413251903491,70.79457843841381,69.18309709189366
0.05,0.0630957344480193,56.23413251903491,56.23413251903491
0.05,0.0707945784384138,45.708818961487516,45.708818961487516
0.05,0.07943282347242814,37.15352290971726,36.30780547701014
0.05,0.0891250938133745,30.19951720402016,29.512092266663856
0.05,0.1,24.547089156850312,23.98832919019491
0.05,0.1122018454301963,19.498445997580454,19.498445997580454
0.05,0.12589254117941676,15.848931924611133,15.848931924611133
0.05,0.1412537544622754,12.882495516931343,12.882495516931343
0.05,0.15848931924611143,10.471285480508996,10.471285480508996
0.05,0.1778279410038923,8.511380382023766,8.31763771102671
0.05,0.1995262314968879,6.760829753919819,6.760829753919819
0.05,0.223872113856834,5.495408738576246,5.495408738576246
0.05,0.25118864315095796,4.466835921509632,4.466835921509632
0.05,0.2818382931264455,3.630780547701014,3.630780547701014
0.05,0.31622776601683794,2.951209226666386,2.951209226666386
0.05,0.3548133892335753,2.344228815319922,2.344228815319922
0.05,0.3981071705534973,1.9054607179632472,1.9054607179632472
0.05,0.44668359215096304,1.5488166189124815,1.5488166189124815
0.05,0.5011872336272725,1.2589254117941673,1.2589254117941673
0.05,0.5623413251903491,1.023292992280754,1.023292992280754
0.05,0.630957344480193,1.,1.
0.05,0.707945784384138,1.,0
0.05,0.7943282347242814,1.,0
0.05,0.8912509381337459,0,0
0.05,1.,0,0
0.05,1.122018454301963,0,0
0.05,1.2589254117941675,0,0
0.05,1.412537544622754,0,0
0.05,1.584893192461114,0,0
0.05,1.7782794100389228,0,0
0.05,1.9952623149688788,0,0
0.1,0.000630957344480193,1.62181009735893e7,275422.8703338169
0.1,0.0007079457843841374,1.1481536214968842e7,257039.57827688646
0.1,0.0007943282347242813,7.943282347242822e6,234422.88153199226
0.1,0.000891250938133745,5.495408738576248e6,208929.6130854041
0.1,0.001,3.8018939632056127e6,186208.71366628693
0.1,0.001122018454301963,2.6302679918953814e6,165958.69074375596
0.1,0.0012589254117941662,1.8197008586099825e6,144543.9770745928
0.1,0.001412537544622754,1.288249551693135e6,125892.54117941688
0.1,0.0015848931924611126,891250.9381337459,107151.9305237607
0.1,0.0017782794100389228,616595.0018614822,91201.08393559097
0.1,0.001995262314968879,426579.5188015926,75857.75750291836
0.1,0.0022387211385683377,295120.9226666384,61659.50018614822
0.1,0.0025118864315095794,204173.79446695317,50118.72336272725
0.1,0.002818382931264452,144543.9770745928,40738.02778041131
0.1,0.0031622776601683794,100000.,8511.380382023768
0.1,0.0035481338923357532,69183.09709189362,7244.359600749898
0.1,0.003981071705534969,47863.0092322638,6165.9500186148225
0.1,0.0044668359215096305,8317.63771102671,5248.074602497728
0.1,0.005011872336272719,6606.9344800759645,4466.835921509631
0.1,0.005623413251903491,5370.317963702527,3801.8939632056126
0.1,0.00630957344480193,4365.158322401661,3162.2776601683795
0.1,0.0070794578438413735,3548.1338923357566,2691.5348039269165
0.1,0.007943282347242814,2818.382931264455,2238.72113856834
0.1,0.008912509381337459,2290.8676527677726,1862.0871366628676
0.1,0.01,1862.0871366628676,1513.5612484362086
0.1,0.01122018454301963,1513.5612484362086,1258.9254117941675
0.1,0.012589254117941668,1230.268770812381,1047.1285480508996
0.1,0.01412537544622754,977.2372209558112,851.1380382023768
0.1,0.015848931924611134,794.3282347242813,707.945784384138
0.1,0.01778279410038923,645.6542290346556,575.4399373371573
0.1,0.01995262314968879,524.8074602497728,478.6300923226385
0.1,0.02238721138568339,426.57951880159254,389.04514499428046
0.1,0.025118864315095794,338.84415613920277,316.22776601683796
0.1,0.028183829312644536,275.4228703338166,257.03957827688646
0.1,0.03162277660168379,223.872113856834,208.92961308540387
0.1,0.03548133892335753,181.97008586099844,169.82436524617444
0.1,0.03981071705534971,144.5439770745928,138.03842646028852
0.1,0.0446683592150963,117.48975549395291,112.2018454301963
0.1,0.05011872336272722,95.49925860214358,91.20108393559097
0.1,0.05623413251903491,77.6247116628692,74.13102413009177
0.1,0.0630957344480193,63.09573444801933,60.25595860743578
0.1,0.0707945784384138,50.11872336272722,48.97788193684461
0.1,0.07943282347242814,40.73802778041128,39.810717055349734
0.1,0.0891250938133745,33.11311214825911,32.359365692962825
0.1,0.1,26.915348039269155,26.302679918953814
0.1,0.1122018454301963,21.87761623949553,21.379620895022324
0.1,0.12589254117941676,17.378008287493753,17.378008287493753
0.1,0.1412537544622754,14.125375446227547,14.125375446227547
0.1,0.15848931924611143,11.481536214968829,11.481536214968829
0.1,0.1778279410038923,9.33254300796991,9.120108393559097
0.1,0.1995262314968879,7.5857757502918375,7.413102413009175
0.1,0.223872113856834,6.025595860743578,6.025595860743578
0.1,0.25118864315095796,4.8977881936844625,4.8977881936844625
0.1,0.2818382931264455,3.9810717055349722,3.9810717055349722
0.1,0.31622776601683794,3.2359365692962827,3.2359365692962827
0.1,0.3548133892335753,2.6302679918953817,2.6302679918953817
0.1,0.3981071705534973,2.137962089502232,2.0892961308540396
0.1,0.44668359215096304,1.6982436524617444,1.6982436524617444
0.1,0.5011872336272725,1.3803842646028848,1.3803842646028848
0.1,0.5623413251903491,1.1220184543019633,1.1220184543019633
0.1,0.630957344480193,1.,1.
0.1,0.707945784384138,1.,1.
0.1,0.7943282347242814,1.,0
0.1,0.8912509381337459,1.,0
0.1,1.,0,0
0.1,1.122018454301963,0,0
0.1,1.2589254117941675,0,0
0.1,1.412537544622754,0,0
0.1,1.584893192461114,0,0
0.1,1.7782794100389228,0,0
0.1,1.9952623149688788,0,0
0.15000000000000002,0.000630957344480193,1.9498445997580454e7,131825.67385564075
0.15000000000000002,0.0007079457843841374,1.3489628825916532e7,123026.87708123811
0.15000000000000002,0.0007943282347242813,9.54992586021437e6,114815.3621496884
0.15000000000000002,0.000891250938133745,6.606934480075965e6,107151.9305237607
0.15000000000000002,0.001,4.5708818961487515e6,97723.72209558112
0.15000000000000002,0.001122018454301963,3.1622776601683795e6,89125.0938133746
0.15000000000000002,0.0012589254117941662,2.187761623949552e6,79432.82347242821
0.15000000000000002,0.001412537544622754,1.5135612484362072e6,70794.57843841388
0.15000000000000002,0.0015848931924611126,1.071519305237607e6,63095.7344480193
0.15000000000000002,0.0017782794100389228,741310.2413009177,54954.08738576248
0.15000000000000002,0.001995262314968879,512861.3839913648,47863.0092322638
0.15000000000000002,0.0022387211385683377,354813.3892335753,40738.02778041131
0.15000000000000002,0.0025118864315095794,245470.89156850285,34673.685045253165
0.15000000000000002,0.002818382931264452,169824.3652461746,8128.305161640995
0.15000000000000002,0.0031622776601683794,120226.4434617413,7079.457843841381
0.15000000000000002,0.0035481338923357532,83176.37711026709,6309.573444801937
0.15000000000000002,0.003981071705534969,57543.993733715666,5495.408738576249
0.15000000000000002,0.0044668359215096305,39810.71705534977,4786.300923226385
0.15000000000000002,0.005011872336272719,7413.102413009177,4073.802778041126
0.15000000000000002,0.005623413251903491,6025.5958607435805,3548.1338923357566
0.15000000000000002,0.00630957344480193,4897.7881936844615,3019.9517204020162
0.15000000000000002,0.0070794578438413735,3890.4514499428046,2570.3957827688646
0.15000000000000002,0.007943282347242814,3162.2776601683795,2187.761623949552
0.15000000000000002,0.008912509381337459,2570.3957827688646,1819.7008586099844
0.15000000000000002,0.01,2089.2961308540407,1513.5612484362086
0.15000000000000002,0.01122018454301963,1659.5869074375614,1288.2495516931335
0.15000000000000002,0.012589254117941668,1348.9628825916532,1071.519305237607
0.15000000000000002,0.01412537544622754,1096.4781961431852,891.2509381337459
0.15000000000000002,0.015848931924611134,891.2509381337459,724.4359600749899
0.15000000000000002,0.01778279410038923,724.4359600749899,602.5595860743581
0.15000000000000002,0.01995262314968879,575.4399373371573,501.18723362727246
0.15000000000000002,0.02238721138568339,467.73514128719813,407.3802778041126
0.15000000000000002,0.025118864315095794,380.1893963205613,338.84415613920277
0.15000000000000002,0.028183829312644536,309.0295432513592,275.4228703338166
0.15000000000000002,0.03162277660168379,245.4708915685031,223.872113856834
0.15000000000000002,0.03548133892335753,199.52623149688807,186.20871366628674
0.15000000000000002,0.03981071705534971,162.18100973589299,151.35612484362088
0.15000000000000002,0.0446683592150963,131.82567385564073,123.02687708123811
0.15000000000000002,0.05011872336272722,107.1519305237607,100.
0.15000000000000002,0.05623413251903491,85.11380382023764,81.28305161640995
0.15000000000000002,0.0630957344480193,69.18309709189366,66.06934480075961
0.15000000000000002,0.0707945784384138,56.23413251903491,53.70317963702527
0.15000000000000002,0.07943282347242814,45.708818961487516,43.65158322401661
0.15000000000000002,0.0891250938133745,37.15352290971726,35.48133892335755
0.15000000000000002,0.1,29.512092266663856,28.84031503126606
0.15000000000000002,0.1122018454301963,23.98832919019491,23.442288153199225
0.15000000000000002,0.12589254117941676,19.498445997580454,19.054607179632473
0.15000000000000002,0.1412537544622754,15.848931924611133,15.488166189124811
0.15000000000000002,0.15848931924611143,12.882495516931343,12.589254117941675
0.15000000000000002,0.1778279410038923,10.232929922807541,10.232929922807541
0.15000000000000002,0.1995262314968879,8.31763771102671,8.31763771102671
0.15000000000000002,0.223872113856834,6.760829753919819,6.760829753919819
0.15000000000000002,0.25118864315095796,5.495408738576246,5.370317963702527
0.15000000000000002,0.2818382931264455,4.466835921509632,4.36515832240166
0.15000000000000002,0.31622776601683794,3.548133892335755,3.548133892335755
0.15000000000000002,0.3548133892335753,2.884031503126606,2.884031503126606
0.15000000000000002,0.3981071705534973,2.344228815319922,2.344228815319922
0.15000000000000002,0.44668359215096304,1.9054607179632472,1.9054607179632472
0.15000000000000002,0.5011872336272725,1.5488166189124815,1.5488166189124815
0.15000000000000002,0.5623413251903491,1.2589254117941673,1.2302687708123816
0.15000000000000002,0.630957344480193,1.,1.
0.15000000000000002,0.707945784384138,1.,1.
0.15000000000000002,0.7943282347242814,1.,0
0.15000000000000002,0.8912509381337459,1.,0
0.15000000000000002,1.,0,0
0.15000000000000002,1.122018454301963,0,0
0.15000000000000002,1.2589254117941675,0,0
0.15000000000000002,1.412537544622754,0,0
0.15000000000000002,1.584893192461114,0,0
0.15000000000000002,1.7782794100389228,0,0
0.15000000000000002,1.9952623149688788,0,0
0.2,0.000630957344480193,2.3988329190194897e7,74131.02413009177
0.2,0.0007079457843841374,1.6595869074375596e7,70794.57843841388
0.2,0.0007943282347242813,1.1481536214968842e7,66069.34480075965
0.2,0.000891250938133745,7.943282347242822e6,63095.7344480193
0.2,0.001,5.495408738576248e6,58884.36553555896
0.2,0.001122018454301963,3.8018939632056127e6,53703.17963702533
0.2,0.0012589254117941662,2.691534803926914e6,50118.72336272725
0.2,0.001412537544622754,1.8620871366628695e6,45708.818961487515
0.2,0.0015848931924611126,1.288249551693135e6,40738.02778041131
0.2,0.0017782794100389228,891250.9381337459,37153.52290971728
0.2,0.001995262314968879,616595.0018614822,8912.509381337459
0.2,0.0022387211385683377,426579.5188015926,8317.63771102671
0.2,0.0025118864315095794,301995.1720402019,7585.775750291836
0.2,0.002818382931264452,208929.6130854041,6760.829753919818
0.2,0.0031622776601683794,144543.9770745928,6165.9500186148225
0.2,0.0035481338923357532,100000.,5495.408738576249
0.2,0.003981071705534969,69183.09709189362,4897.7881936844615
0.2,0.0044668359215096305,48977.881936844664,4265.795188015925
0.2,0.005011872336272719,8317.63771102671,3801.8939632056126
0.2,0.005623413251903491,6760.829753919818,3311.311214825911
0.2,0.00630957344480193,5370.317963702527,2884.031503126606
0.2,0.0070794578438413735,4365.158322401661,2454.708915685031
0.2,0.007943282347242814,3548.1338923357566,2089.2961308540407
0.2,0.008912509381337459,2884.031503126606,1778.2794100389228
0.2,0.01,2290.8676527677726,1513.5612484362086
0.2,0.01122018454301963,1862.0871366628676,1288.2495516931335
0.2,0.012589254117941668,1513.5612484362086,1096.4781961431852
0.2,0.01412537544622754,1230.268770812381,912.0108393559096
0.2,0.015848931924611134,1000.,758.5775750291835
0.2,0.01778279410038923,794.3282347242813,630.9573444801937
0.2,0.01995262314968879,645.6542290346556,524.8074602497728
0.2,0.02238721138568339,524.8074602497728,436.5158322401661
0.2,0.025118864315095794,426.57951880159254,354.81338923357566
0.2,0.028183829312644536,346.73685045253166,295.1209226666387
0.2,0.03162277660168379,275.4228703338166,245.4708915685031
0.2,0.03548133892335753,223.872113856834,199.52623149688807
0.2,0.03981071705534971,181.97008586099844,162.18100973589299
0.2,0.0446683592150963,147.91083881682073,134.89628825916532
0.2,0.05011872336272722,117.48975549395291,109.64781961431851
0.2,0.05623413251903491,95.49925860214358,89.12509381337455
0.2,0.0630957344480193,77.6247116628692,72.44359600749902
0.2,0.0707945784384138,63.09573444801933,58.8843655355589
0.2,0.07943282347242814,51.28613839913648,47.86300923226383
0.2,0.0891250938133745,40.73802778041128,39.810717055349734
0.2,0.1,33.11311214825911,32.359365692962825
0.2,0.1122018454301963,26.915348039269155,26.302679918953814
0.2,0.12589254117941676,21.87761623949553,21.379620895022324
0.2,0.1412537544622754,17.78279410038923,16.982436524617444
0.2,0.15848931924611143,14.125375446227547,13.803842646028853
0.2,0.1778279410038923,11.481536214968829,11.220184543019636
0.2,0.1995262314968879,9.33254300796991,9.120108393559097
0.2,0.223872113856834,7.5857757502918375,7.413102413009175
0.2,0.25118864315095796,6.165950018614822,6.025595860743578
0.2,0.2818382931264455,4.8977881936844625,4.8977881936844625
0.2,0.31622776601683794,3.9810717055349722,3.9810717055349722
0.2,0.3548133892335753,3.2359365692962827,3.2359365692962827
0.2,0.3981071705534973,2.6302679918953817,2.6302679918953817
0.2,0.44668359215096304,2.137962089502232,2.0892961308540396
0.2,0.5011872336272725,1.7378008287493754,1.6982436524617444
0.2,0.5623413251903491,1.3803842646028848,1.3803842646028848
0.2,0.630957344480193,1.1220184543019633,1.1220184543019633
0.2,0.707945784384138,1.,1.
0.2,0.7943282347242814,1.,1.
0.2,0.8912509381337459,1.,0
0.2,1.,1.,0
0.2,1.122018454301963,0,0
0.2,1.2589254117941675,0,0
0.2,1.412537544622754,0,0
0.2,1.584893192461114,0,0
0.2,1.7782794100389228,0,0
0.2,1.9952623149688788,0,0
0.25,0.000630957344480193,2.8840315031266056e7,46773.51412871981
0.25,0.0007079457843841374,2.0417379446695317e7,44668.359215096345
0.25,0.0007943282347242813,1.4125375446227554e7,42657.95188015926
0.25,0.000891250938133745,9.772372209558113e6,40738.02778041131
0.25,0.001,6.760829753919818e6,38018.93963205613
0.25,0.001122018454301963,4.677351412871981e6,36307.80547701017
0.25,0.0012589254117941662,3.235936569296281e6,33884.415613920275
0.25,0.001412537544622754,2.2908676527677746e6,8912.509381337459
0.25,0.0015848931924611126,1.5848931924611141e6,8511.380382023768
0.25,0.0017782794100389228,1.096478196143185e6,7943.282347242814
0.25,0.001995262314968879,758577.5750291835,7413.102413009177
0.25,0.0022387211385683377,524807.4602497723,6918.309709189362
0.25,0.0025118864315095794,371535.2290971728,6309.573444801937
0.25,0.002818382931264452,257039.57827688646,5888.43655355589
0.25,0.0031622776601683794,177827.94100389228,5370.317963702527
0.25,0.0035481338923357532,123026.87708123811,4897.7881936844615
0.25,0.003981071705534969,85113.80382023759,4365.158322401661
0.25,0.0044668359215096305,58884.36553555896,3890.4514499428046
0.25,0.005011872336272719,41686.93834703355,3467.368504525317
0.25,0.005623413251903491,7585.775750291836,3090.295432513592
0.25,0.00630957344480193,6165.9500186148225,2691.5348039269165
0.25,0.0070794578438413735,4897.7881936844615,2344.228815319923
0.25,0.007943282347242814,3981.0717055349733,2041.7379446695295
0.25,0.008912509381337459,3235.9365692962842,1778.2794100389228
0.25,0.01,2630.2679918953813,1513.5612484362086
0.25,0.01122018454301963,2089.2961308540407,1288.2495516931335
0.25,0.012589254117941668,1698.2436524617442,1096.4781961431852
0.25,0.01412537544622754,1380.3842646028852,933.2543007969915
0.25,0.015848931924611134,1122.018454301964,794.3282347242813
0.25,0.01778279410038923,912.0108393559096,660.6934480075957
0.25,0.01995262314968879,724.4359600749899,549.5408738576248
0.25,0.02238721138568339,588.843655355589,457.0881896148752
0.25,0.025118864315095794,478.6300923226385,380.1893963205613
0.25,0.028183829312644536,389.04514499428046,316.22776601683796
0.25,0.03162277660168379,309.0295432513592,263.02679918953817
0.25,0.03548133892335753,251.18864315095797,218.77616239495518
0.25,0.03981071705534971,204.17379446695296,177.82794100389228
0.25,0.0446683592150963,165.95869074375614,147.91083881682073
0.25,0.05011872336272722,134.89628825916532,120.22644346174131
0.25,0.05623413251903491,107.1519305237607,97.72372209558107
0.25,0.0630957344480193,87.09635899560806,81.28305161640995
0.25,0.0707945784384138,70.79457843841381,66.06934480075961
0.25,0.07943282347242814,57.543993733715695,53.70317963702527
0.25,0.0891250938133745,46.77351412871981,43.65158322401661
0.25,0.1,37.15352290971726,35.48133892335755
0.25,0.1122018454301963,30.19951720402016,28.84031503126606
0.25,0.12589254117941676,24.547089156850312,23.442288153199225
0.25,0.1412537544622754,19.952623149688797,19.054607179632473
0.25,0.15848931924611143,16.218100973589298,15.488166189124811
0.25,0.1778279410038923,12.882495516931343,12.589254117941675
0.25,0.1995262314968879,10.471285480508996,10.232929922807541
0.25,0.223872113856834,8.511380382023766,8.31763771102671
0.25,0.25118864315095796,6.918309709189364,6.760829753919819
0.25,0.2818382931264455,5.623413251903491,5.495408738576246
0.25,0.31622776601683794,4.466835921509632,4.466835921509632
0.25,0.3548133892335753,3.630780547701014,3.630780547701014
0.25,0.3981071705534973,2.951209226666386,2.951209226666386
0.25,0.44668359215096304,2.3988329190194904,2.344228815319922
0.25,0.5011872336272725,1.9498445997580451,1.9054607179632472
0.25,0.5623413251903491,1.5848931924611136,1.5488166189124815
0.25,0.630957344480193,1.2589254117941673,1.2589254117941673
0.25,0.707945784384138,1.023292992280754,1.023292992280754
0.25,0.7943282347242814,1.,1.
0.25,0.8912509381337459,1.,1.
0.25,1.,1.,0
0.25,1.122018454301963,0,0
0.25,1.2589254117941675,0,0
0.25,1.412537544622754,0,0
0.25,1.584893192461114,0,0
0.25,1.7782794100389228,0,0
0.25,1.9952623149688788,0,0
0.3,0.000630957344480193,0,31622.776601683792
0.3,0.0007079457843841374,2.5118864315095823e7,8912.509381337459
0.3,0.0007943282347242813,1.737800828749376e7,8709.635899560806
0.3,0.000891250938133745,1.202264434617413e7,8511.380382023768
0.3,0.001,8.51138038202376e6,8128.305161640995
0.3,0.001122018454301963,5.888436553555896e6,7943.282347242814
0.3,0.0012589254117941662,4.0738027780411304e6,7585.775750291836
0.3,0.001412537544622754,2.818382931264455e6,7244.359600749898
0.3,0.0015848931924611126,1.9498445997580455e6,6918.309709189362
0.3,0.0017782794100389228,1.3489628825916534e6,6606.9344800759645
0.3,0.001995262314968879,954992.5860214368,6165.9500186148225
0.3,0.0022387211385683377,660693.4480075964,5888.43655355589
0.3,0.0025118864315095794,457088.1896148752,5495.408738576249
0.3,0.002818382931264452,316227.7660168379,5128.613839913648
0.3,0.0031622776601683794,218776.16239495517,4677.351412871981
0.3,0.0035481338923357532,154881.66189124828,4365.158322401661
0.3,0.003981071705534969,107151.9305237607,3981.0717055349733
0.3,0.0044668359215096305,74131.02413009177,3548.1338923357566
0.3,0.005011872336272719,51286.13839913648,3235.9365692962842
0.3,0.005623413251903491,8511.380382023768,2884.031503126606
0.3,0.00630957344480193,6918.309709189362,2570.3957827688646
0.3,0.0070794578438413735,5623.413251903491,2290.8676527677726
0.3,0.007943282347242814,4570.881896148751,1995.262314968881
0.3,0.008912509381337459,3630.780547701014,1737.8008287493763
0.3,0.01,2951.209226666387,1513.5612484362086
0.3,0.01122018454301963,2398.83291901949,1318.2567385564075
0.3,0.012589254117941668,1949.8445997580454,1122.018454301964
0.3,0.01412537544622754,1584.893192461114,954.992586021436
0.3,0.015848931924611134,1258.9254117941675,812.8305161640995
0.3,0.01778279410038923,1023.2929922807547,691.8309709189363
0.3,0.01995262314968879,831.7637711026708,588.843655355589
0.3,0.02238721138568339,676.0829753919819,489.77881936844614
0.3,0.025118864315095794,537.0317963702527,407.3802778041126
0.3,0.028183829312644536,436.5158322401661,338.84415613920277
0.3,0.03162277660168379,354.81338923357566,281.8382931264455
0.3,0.03548133892335753,288.40315031266056,234.42288153199226
0.3,0.03981071705534971,234.42288153199226,194.98445997580455
0.3,0.0446683592150963,186.20871366628674,162.18100973589299
0.3,0.05011872336272722,151.35612484362088,131.82567385564073
0.3,0.05623413251903491,123.02687708123811,109.64781961431851
0.3,0.0630957344480193,100.,89.12509381337455
0.3,0.0707945784384138,81.28305161640995,72.44359600749902
0.3,0.07943282347242814,64.56542290346556,60.25595860743578
0.3,0.0891250938133745,52.48074602497726,48.97788193684461
0.3,0.1,42.657951880159274,39.810717055349734
0.3,0.1122018454301963,34.673685045253166,32.359365692962825
0.3,0.12589254117941676,28.183829312644534,26.302679918953814
0.3,0.1412537544622754,22.3872113856834,21.379620895022324
0.3,0.15848931924611143,18.197008586099834,17.378008287493753
0.3,0.1778279410038923,14.791083881682072,14.125375446227547
0.3,0.1995262314968879,12.02264434617413,11.481536214968829
0.3,0.223872113856834,9.772372209558107,9.33254300796991
0.3,0.25118864315095796,7.762471166286917,7.5857757502918375
0.3,0.2818382931264455,6.309573444801933,6.165950018614822
0.3,0.31622776601683794,5.1286138399136485,5.011872336272724
0.3,0.3548133892335753,4.168693834703354,4.073802778041127
0.3,0.3981071705534973,3.3884415613920256,3.311311214825911
0.3,0.44668359215096304,2.6915348039269156,2.6915348039269156
0.3,0.5011872336272725,2.1877616239495525,2.1877616239495525
0.3,0.5623413251903491,1.7782794100389228,1.7782794100389228
0.3,0.630957344480193,1.4454397707459274,1.4125375446227544
0.3,0.707945784384138,1.1748975549395295,1.1481536214968828
0.3,0.7943282347242814,1.,1.
0.3,0.8912509381337459,1.,1.
0.3,1.,1.,0
0.3,1.122018454301963,1.,0
0.3,1.2589254117941675,0,0
0.3,1.412537544622754,0,0
0.3,1.584893192461114,0,0
0.3,1.7782794100389228,0,0
0.3,1.9952623149688788,0,0
0.35000000000000003,0.000630957344480193,0,7413.102413009177
0.35000000000000003,0.0007079457843841374,0,7244.359600749898
0.35000000000000003,0.0007943282347242813,2.187761623949552e7,7079.457843841381
0.35000000000000003,0.000891250938133745,1.5488166189124828e7,6918.309709189362
0.35000000000000003,0.001,1.0715193052376071e7,6760.829753919818
0.35000000000000003,0.001122018454301963,7.413102413009177e6,6456.542290346556
0.35000000000000003,0.0012589254117941662,5.128613839913649e6,6309.573444801937
0.35000000000000003,0.001412537544622754,3.548133892335753e6,6025.5958607435805
0.35000000000000003,0.0015848931924611126,2.4547089156850334e6,5888.43655355589
0.35000000000000003,0.0017782794100389228,1.7378008287493763e6,5623.413251903491
0.35000000000000003,0.001995262314968879,1.2022644346174132e6,5370.317963702527
0.35000000000000003,0.0022387211385683377,831763.7711026708,5011.872336272725
0.35000000000000003,0.0025118864315095794,575439.9373371566,4786.300923226385
0.35000000000000003,0.002818382931264452,398107.17055349774,4466.835921509631
0.35000000000000003,0.0031622776601683794,281838.2931264455,4168.693834703355
0.35000000000000003,0.0035481338923357532,194984.45997580455,3890.4514499428046
0.35000000000000003,0.003981071705534969,134896.28825916533,3630.780547701014
0.35000000000000003,0.0044668359215096305,93325.43007969906,3311.311214825911
0.35000000000000003,0.005011872336272719,64565.422903465624,3019.9517204020162
0.35000000000000003,0.005623413251903491,44668.359215096345,2754.2287033381663
0.35000000000000003,0.00630957344480193,7943.282347242814,2454.708915685031
0.35000000000000003,0.0070794578438413735,6456.542290346556,2187.761623949552
0.35000000000000003,0.007943282347242814,5248.074602497728,1949.8445997580454
0.35000000000000003,0.008912509381337459,4168.693834703355,1737.8008287493763
0.35000000000000003,0.01,3388.4415613920273,1513.5612484362086
0.35000000000000003,0.01122018454301963,2754.2287033381663,1318.2567385564075
0.35000000000000003,0.012589254117941668,2238.72113856834,1148.1536214968828
0.35000000000000003,0.01412537544622754,1778.2794100389228,1000.
0.35000000000000003,0.015848931924611134,1445.439770745928,851.1380382023768
0.35000000000000003,0.01778279410038923,1174.8975549395302,724.4359600749899
0.35000000000000003,0.01995262314968879,954.992586021436,616.5950018614822
0.35000000000000003,0.02238721138568339,776.247116628692,524.8074602497728
0.35000000000000003,0.025118864315095794,616.5950018614822,436.5158322401661
0.35000000000000003,0.028183829312644536,501.18723362727246,371.5352290971724
0.35000000000000003,0.03162277660168379,407.3802778041126,309.0295432513592
0.35000000000000003,0.03548133892335753,331.1311214825911,257.03957827688646
0.35000000000000003,0.03981071705534971,269.1534803926917,213.79620895022325
0.35000000000000003,0.0446683592150963,213.79620895022325,177.82794100389228
0.35000000000000003,0.05011872336272722,173.78008287493762,147.91083881682073
0.35000000000000003,0.05623413251903491,141.2537544622754,120.22644346174131
0.35000000000000003,0.0630957344480193,114.81536214968828,100.
0.35000000000000003,0.0707945784384138,91.20108393559097,81.28305161640995
0.35000000000000003,0.07943282347242814,74.13102413009177,67.60829753919819
0.35000000000000003,0.0891250938133745,60.25595860743578,54.954087385762456
0.35000000000000003,0.1,48.97788193684461,44.668359215096324
0.35000000000000003,0.1122018454301963,39.810717055349734,36.30780547701014
0.35000000000000003,0.12589254117941676,31.622776601683793,30.19951720402016
0.35000000000000003,0.1412537544622754,25.703957827688633,24.547089156850312
0.35000000000000003,0.15848931924611143,20.892961308540396,19.952623149688797
0.35000000000000003,0.1778279410038923,16.982436524617444,16.218100973589298
0.35000000000000003,0.1995262314968879,13.803842646028853,13.182567385564074
0.35000000000000003,0.223872113856834,10.964781961431852,10.715193052376065
0.35000000000000003,0.25118864315095796,8.912509381337456,8.709635899560807
0.35000000000000003,0.2818382931264455,7.244359600749901,7.079457843841379
0.35000000000000003,0.31622776601683794,5.88843655355589,5.7543993733715695
0.35000000000000003,0.3548133892335753,4.786300923226384,4.677351412871983
0.35000000000000003,0.3981071705534973,3.8018939632056115,3.8018939632056115
0.35000000000000003,0.44668359215096304,3.0902954325135905,3.0902954325135905
0.35000000000000003,0.5011872336272725,2.51188643150958,2.4547089156850306
0.35000000000000003,0.5623413251903491,2.041737944669529,1.9952623149688795
0.35000000000000003,0.630957344480193,1.6595869074375607,1.62181009735893
0.35000000000000003,0.707945784384138,1.3489628825916535,1.318256738556407
0.35000000000000003,0.7943282347242814,1.0715193052376064,1.0715193052376064
0.35000000000000003,0.8912509381337459,1.,1.
0.35000000000000003,1.,1.,1.
0.35000000000000003,1.122018454301963,1.,0
0.35000000000000003,1.2589254117941675,1.,0
0.35000000000000003,1.412537544622754,0,0
0.35000000000000003,1.584893192461114,0,0
0.35000000000000003,1.7782794100389228,0,0
0.35000000000000003,1.9952623149688788,0,0
0.4,0.000630957344480193,0,6025.5958607435805
0.4,0.0007079457843841374,0,6025.5958607435805
0.4,0.0007943282347242813,2.818382931264455e7,5888.43655355589
0.4,0.000891250938133745,1.9952623149688788e7,5754.399373371572
0.4,0.001,1.3803842646028867e7,5623.413251903491
0.4,0.001122018454301963,9.54992586021437e6,5495.408738576249
0.4,0.0012589254117941662,6.606934480075965e6,5370.317963702527
0.4,0.001412537544622754,4.5708818961487515e6,5128.613839913648
0.4,0.0015848931924611126,3.1622776601683795e6,5011.872336272725
0.4,0.0017782794100389228,2.238721138568342e6,4786.300923226385
0.4,0.001995262314968879,1.5488166189124826e6,4570.881896148751
0.4,0.0022387211385683377,1.071519305237607e6,4466.835921509631
0.4,0.0025118864315095794,741310.2413009177,4168.693834703355
0.4,0.002818382931264452,512861.3839913648,3981.0717055349733
0.4,0.0031622776601683794,363078.05477010173,3801.8939632056126
0.4,0.0035481338923357532,251188.6431509582,3548.1338923357566
0.4,0.003981071705534969,173780.08287493762,3311.311214825911
0.4,0.0044668359215096305,120226.4434617413,3019.9517204020162
0.4,0.005011872336272719,83176.37711026709,2818.382931264455
0.4,0.005623413251903491,57543.993733715666,2570.3957827688646
0.4,0.00630957344480193,40738.02778041131,2344.228815319923
0.4,0.0070794578438413735,7413.102413009177,2137.9620895022326
0.4,0.007943282347242814,6025.5958607435805,1905.4607179632483
0.4,0.008912509381337459,4897.7881936844615,1698.2436524617442
0.4,0.01,3981.0717055349733,1513.5612484362086
0.4,0.01122018454301963,3162.2776601683795,1348.9628825916532
0.4,0.012589254117941668,2570.3957827688646,1174.8975549395302
0.4,0.01412537544622754,2089.2961308540407,1023.2929922807547
0.4,0.015848931924611134,1698.2436524617442,891.2509381337459
0.4,0.01778279410038923,1348.9628825916532,758.5775750291835
0.4,0.01995262314968879,1096.4781961431852,660.6934480075957
0.4,0.02238721138568339,891.2509381337459,562.341325190349
0.4,0.025118864315095794,724.4359600749899,478.6300923226385
0.4,0.028183829312644536,588.843655355589,398.1071705534973
0.4,0.03162277660168379,467.73514128719813,338.84415613920277
0.4,0.03548133892335753,380.1893963205613,281.8382931264455
0.4,0.03981071705534971,309.0295432513592,234.42288153199226
0.4,0.0446683592150963,251.18864315095797,194.98445997580455
0.4,0.05011872336272722,199.52623149688807,162.18100973589299
0.4,0.05623413251903491,162.18100973589299,134.89628825916532
0.4,0.0630957344480193,131.82567385564073,112.2018454301963
0.4,0.0707945784384138,107.1519305237607,91.20108393559097
0.4,0.07943282347242814,87.09635899560806,75.8577575029184
0.4,0.0891250938133745,69.18309709189366,61.65950018614822
0.4,0.1,56.23413251903491,51.28613839913648
0.4,0.1122018454301963,45.708818961487516,41.68693834703355
0.4,0.12589254117941676,37.15352290971726,33.884415613920254
0.4,0.1412537544622754,30.19951720402016,27.542287033381662
0.4,0.15848931924611143,23.98832919019491,22.908676527677734
0.4,0.1778279410038923,19.498445997580454,18.620871366628677
0.4,0.1995262314968879,15.848931924611133,15.13561248436208
0.4,0.223872113856834,12.882495516931343,12.302687708123818
0.4,0.25118864315095796,10.471285480508996,10.
0.4,0.2818382931264455,8.31763771102671,8.128305161640993
0.4,0.31622776601683794,6.760829753919819,6.606934480075961
0.4,0.3548133892335753,5.495408738576246,5.370317963702527
0.4,0.3981071705534973,4.466835921509632,4.36515832240166
0.4,0.44668359215096304,3.630780547701014,3.548133892335755
0.4,0.5011872336272725,2.951209226666386,2.884031503126606
0.4,0.5623413251903491,2.344228815319922,2.344228815319922
0.4,0.630957344480193,1.9054607179632472,1.8620871366628675
0.4,0.707945784384138,1.5488166189124815,1.5135612484362082
0.4,0.7943282347242814,1.2589254117941673,1.2302687708123816
0.4,0.8912509381337459,1.023292992280754,1.
0.4,1.,1.,1.
0.4,1.122018454301963,1.,1.
0.4,1.2589254117941675,1.,0
0.4,1.412537544622754,0,0
0.4,1.584893192461114,0,0
0.4,1.7782794100389228,0,0
0.4,1.9952623149688788,0,0
0.45,0.000630957344480193,0,5128.613839913648
0.45,0.0007079457843841374,0,5011.872336272725
0.45,0.0007943282347242813,0,5011.872336272725
0.45,0.000891250938133745,2.6302679918953814e7,4897.7881936844615
0.45,0.001,1.8197008586099826e7,4786.300923226385
0.45,0.001122018454301963,1.2589254117941687e7,4677.351412871981
0.45,0.0012589254117941662,8.709635899560815e6,4570.881896148751
0.45,0.001412537544622754,6.025595860743581e6,4466.835921509631
0.45,0.0015848931924611126,4.168693834703355e6,4365.158322401661
0.45,0.0017782794100389228,2.951209226666384e6,4168.693834703355
0.45,0.001995262314968879,2.0417379446695317e6,4073.802778041126
0.45,0.0022387211385683377,1.4125375446227554e6,3890.4514499428046
0.45,0.0025118864315095794,977237.2209558112,3715.3522909717276
0.45,0.002818382931264452,676082.9753919819,3548.1338923357566
0.45,0.0031622776601683794,467735.1412871981,3388.4415613920273
0.45,0.0035481338923357532,331131.12148259144,3235.9365692962842
0.45,0.003981071705534969,229086.76527677747,3019.9517204020162
0.45,0.0044668359215096305,158489.3192461114,2818.382931264455
0.45,0.005011872336272719,109647.8196143185,2630.2679918953813
0.45,0.005623413251903491,75857.75750291836,2454.708915685031
0.45,0.00630957344480193,53703.17963702533,2238.72113856834
0.45,0.0070794578438413735,8709.635899560806,2041.7379446695295
0.45,0.007943282347242814,7079.457843841381,1862.0871366628676
0.45,0.008912509381337459,5754.399373371572,1698.2436524617442
0.45,0.01,4570.881896148751,1513.5612484362086
0.45,0.01122018454301963,3715.3522909717276,1348.9628825916532
0.45,0.012589254117941668,3019.9517204020162,1202.2644346174131
0.45,0.01412537544622754,2454.708915685031,1047.1285480508996
0.45,0.015848931924611134,1995.262314968881,912.0108393559096
0.45,0.01778279410038923,1584.893192461114,794.3282347242813
0.45,0.01995262314968879,1288.2495516931335,691.8309709189363
0.45,0.02238721138568339,1047.1285480508996,602.5595860743581
0.45,0.025118864315095794,851.1380382023768,512.8613839913648
0.45,0.028183829312644536,691.8309709189363,436.5158322401661
0.45,0.03162277660168379,549.5408738576248,371.5352290971724
0.45,0.03548133892335753,446.683592150963,309.0295432513592
0.45,0.03981071705534971,363.0780547701014,263.02679918953817
0.45,0.0446683592150963,295.1209226666387,218.77616239495518
0.45,0.05011872336272722,234.42288153199226,181.97008586099844
0.45,0.05623413251903491,190.54607179632484,151.35612484362088
0.45,0.0630957344480193,154.88166189124811,125.89254117941675
0.45,0.0707945784384138,125.89254117941675,104.71285480508996
0.45,0.07943282347242814,102.32929922807547,87.09635899560806
0.45,0.0891250938133745,81.28305161640995,70.79457843841381
0.45,0.1,66.06934480075961,58.8843655355589
0.45,0.1122018454301963,53.70317963702527,47.86300923226383
0.45,0.12589254117941676,43.65158322401661,38.90451449942807
0.45,0.1412537544622754,35.48133892335755,32.359365692962825
0.45,0.15848931924611143,28.183829312644534,26.302679918953814
0.45,0.1778279410038923,22.908676527677734,21.379620895022324
0.45,0.1995262314968879,18.620871366628677,17.378008287493753
0.45,0.223872113856834,15.13561248436208,14.125375446227547
0.45,0.25118864315095796,12.302687708123818,11.481536214968829
0.45,0.2818382931264455,9.772372209558107,9.33254300796991
0.45,0.31622776601683794,7.943282347242816,7.762471166286917
0.45,0.3548133892335753,6.456542290346556,6.309573444801933
0.45,0.3981071705534973,5.248074602497725,5.1286138399136485
0.45,0.44668359215096304,4.265795188015927,4.073802778041127
0.45,0.5011872336272725,3.3884415613920256,3.311311214825911
0.45,0.5623413251903491,2.7542287033381663,2.6915348039269156
0.45,0.630957344480193,2.23872113856834,2.1877616239495525
0.45,0.707945784384138,1.8197008586099834,1.7782794100389228
0.45,0.7943282347242814,1.4791083881682074,1.4454397707459274
0.45,0.8912509381337459,1.202264434617413,1.1748975549395295
0.45,1.,1.,1.
0.45,1.122018454301963,1.,1.
0.45,1.2589254117941675,1.,0
0.45,1.412537544622754,1.,0
0.45,1.584893192461114,0,0
0.45,1.7782794100389228,0,0
0.45,1.9952623149688788,0,0
0.5,0.000630957344480193,0,4365.158322401661
0.5,0.0007079457843841374,0,4265.795188015925
0.5,0.0007943282347242813,0,4265.795188015925
0.5,0.000891250938133745,0,4168.693834703355
0.5,0.001,2.4547089156850334e7,4168.693834703355
0.5,0.001122018454301963,1.698243652461746e7,4073.802778041126
0.5,0.0012589254117941662,1.1748975549395302e7,3981.0717055349733
0.5,0.001412537544622754,8.128305161640995e6,3890.4514499428046
0.5,0.0015848931924611126,5.754399373371567e6,3801.8939632056126
0.5,0.0017782794100389228,3.9810717055349774e6,3715.3522909717276
0.5,0.001995262314968879,2.754228703338169e6,3630.780547701014
0.5,0.0022387211385683377,1.9054607179632483e6,3467.368504525317
0.5,0.0025118864315095794,1.3182567385564074e6,3388.4415613920273
0.5,0.002818382931264452,912010.8393559096,3235.9365692962842
0.5,0.0031622776601683794,645654.2290346563,3090.295432513592
0.5,0.0035481338923357532,446683.5921509635,2951.209226666387
0.5,0.003981071705534969,309029.5432513592,2818.382931264455
0.5,0.0044668359215096305,213796.20895022326,2630.2679918953813
0.5,0.005011872336272719,147910.83881682073,2454.708915685031
0.5,0.005623413251903491,102329.29922807537,2344.228815319923
0.5,0.00630957344480193,72443.59600749906,2137.9620895022326
0.5,0.0070794578438413735,50118.72336272725,1995.262314968881
0.5,0.007943282347242814,8511.380382023768,1819.7008586099844
0.5,0.008912509381337459,6760.829753919818,1659.5869074375614
0.5,0.01,5495.408738576249,1513.5612484362086
0.5,0.01122018454301963,4466.835921509631,1348.9628825916532
0.5,0.012589254117941668,3630.780547701014,1230.268770812381
0.5,0.01412537544622754,2884.031503126606,1096.4781961431852
0.5,0.015848931924611134,2344.228815319923,954.992586021436
0.5,0.01778279410038923,1905.4607179632483,851.1380382023768
0.5,0.01995262314968879,1548.816618912481,741.3102413009177
0.5,0.02238721138568339,1258.9254117941675,645.6542290346556
0.5,0.025118864315095794,1000.,549.5408738576248
0.5,0.028183829312644536,812.8305161640995,478.6300923226385
0.5,0.03162277660168379,660.6934480075957,407.3802778041126
0.5,0.03548133892335753,537.0317963702527,346.73685045253166
0.5,0.03981071705534971,426.57951880159254,288.40315031266056
0.5,0.0446683592150963,346.73685045253166,245.4708915685031
0.5,0.05011872336272722,281.8382931264455,204.17379446695296
0.5,0.05623413251903491,229.08676527677724,173.78008287493762
0.5,0.0630957344480193,186.20871366628674,144.5439770745928
0.5,0.0707945784384138,147.91083881682073,120.22644346174131
0.5,0.07943282347242814,120.22644346174131,100.
0.5,0.0891250938133745,97.72372209558107,81.28305161640995
0.5,0.1,79.43282347242817,67.60829753919819
0.5,0.1122018454301963,64.56542290346556,56.23413251903491
0.5,0.12589254117941676,51.28613839913648,45.708818961487516
0.5,0.1412537544622754,41.68693834703355,37.15352290971726
0.5,0.15848931924611143,33.884415613920254,30.902954325135905
0.5,0.1778279410038923,27.542287033381662,25.11886431509581
0.5,0.1995262314968879,22.3872113856834,20.417379446695296
0.5,0.223872113856834,17.78279410038923,16.595869074375607
0.5,0.25118864315095796,14.454397707459272,13.803842646028853
0.5,0.2818382931264455,11.748975549395297,11.220184543019636
0.5,0.31622776601683794,9.549925860214358,9.120108393559097
0.5,0.3548133892335753,7.762471166286917,7.413102413009175
0.5,0.3981071705534973,6.165950018614822,6.025595860743578
0.5,0.44668359215096304,5.011872336272724,4.8977881936844625
0.5,0.5011872336272725,4.073802778041127,3.9810717055349722
0.5,0.5623413251903491,3.311311214825911,3.2359365692962827
0.5,0.630957344480193,2.6915348039269156,2.6302679918953817
0.5,0.707945784384138,2.137962089502232,2.137962089502232
0.5,0.7943282347242814,1.7378008287493754,1.7378008287493754
0.5,0.8912509381337459,1.4125375446227544,1.3803842646028848
0.5,1.,1.1481536214968828,1.1220184543019633
0.5,1.122018454301963,1.,1.
0.5,1.2589254117941675,1.,1.
0.5,1.412537544622754,1.,0
0.5,1.584893192461114,1.,0
0.5,1.7782794100389228,0,0
0.5,1.9952623149688788,0,0
0.55,0.000630957344480193,0,3801.8939632056126
0.55,0.0007079457843841374,0,3715.3522909717276
0.55,0.0007943282347242813,0,3715.3522909717276
0.55,0.000891250938133745,0,3630.780547701014
0.55,0.001,0,3630.780547701014
0.55,0.001122018454301963,2.3988329190194897e7,3548.1338923357566
0.55,0.0012589254117941662,1.6595869074375596e7,3467.368504525317
0.55,0.001412537544622754,1.1481536214968842e7,3467.368504525317
0.55,0.0015848931924611126,7.943282347242822e6,3388.4415613920273
0.55,0.0017782794100389228,5.495408738576248e6,3311.311214825911
0.55,0.001995262314968879,3.8018939632056127e6,3235.9365692962842
0.55,0.0022387211385683377,2.691534803926914e6,3162.2776601683795
0.55,0.0025118864315095794,1.8620871366628695e6,3019.9517204020162
0.55,0.002818382931264452,1.288249551693135e6,2951.209226666387
0.55,0.0031622776601683794,891250.9381337459,2818.382931264455
0.55,0.0035481338923357532,616595.0018614822,2691.5348039269165
0.55,0.003981071705534969,426579.5188015926,2570.3957827688646
0.55,0.0044668359215096305,301995.1720402019,2454.708915685031
0.55,0.005011872336272719,208929.6130854041,2344.228815319923
0.55,0.005623413251903491,144543.9770745928,2187.761623949552
0.55,0.00630957344480193,100000.,2089.2961308540407
0.55,0.0070794578438413735,69183.09709189362,1949.8445997580454
0.55,0.007943282347242814,48977.881936844664,1778.2794100389228
0.55,0.008912509381337459,8317.63771102671,1659.5869074375614
0.55,0.01,6760.829753919818,1513.5612484362086
0.55,0.01122018454301963,5370.317963702527,1380.3842646028852
0.55,0.012589254117941668,4365.158322401661,1258.9254117941675
0.55,0.01412537544622754,3548.1338923357566,1122.018454301964
0.55,0.015848931924611134,2884.031503126606,1000.
0.55,0.01778279410038923,2290.8676527677726,891.2509381337459
0.55,0.01995262314968879,1862.0871366628676,776.247116628692
0.55,0.02238721138568339,1513.5612484362086,691.8309709189363
0.55,0.025118864315095794,1230.268770812381,602.5595860743581
0.55,0.028183829312644536,1000.,524.8074602497728
0.55,0.03162277660168379,794.3282347242813,446.683592150963
0.55,0.03548133892335753,645.6542290346556,380.1893963205613
0.55,0.03981071705534971,524.8074602497728,323.5936569296284
0.55,0.0446683592150963,426.57951880159254,275.4228703338166
0.55,0.05011872336272722,346.73685045253166,234.42288153199226
0.55,0.05623413251903491,275.4228703338166,199.52623149688807
0.55,0.0630957344480193,223.872113856834,165.95869074375614
0.55,0.0707945784384138,181.97008586099844,138.03842646028852
0.55,0.07943282347242814,147.91083881682073,114.81536214968828
0.55,0.0891250938133745,117.48975549395291,95.49925860214358
0.55,0.1,95.49925860214358,79.43282347242817
0.55,0.1122018454301963,77.6247116628692,66.06934480075961
0.55,0.12589254117941676,63.09573444801933,53.70317963702527
0.55,0.1412537544622754,51.28613839913648,44.668359215096324
0.55,0.15848931924611143,40.73802778041128,36.30780547701014
0.55,0.1778279410038923,33.11311214825911,30.19951720402016
0.55,0.1995262314968879,26.915348039269155,24.547089156850312
0.55,0.223872113856834,21.87761623949553,19.952623149688797
0.55,0.25118864315095796,17.78279410038923,16.218100973589298
0.55,0.2818382931264455,14.125375446227547,13.48962882591654
0.55,0.31622776601683794,11.481536214968829,10.964781961431852
0.55,0.3548133892335753,9.33254300796991,8.912509381337456
0.55,0.3981071705534973,7.5857757502918375,7.244359600749901
0.55,0.44668359215096304,6.165950018614822,5.88843655355589
0.55,0.5011872336272725,4.8977881936844625,4.786300923226384
0.55,0.5623413251903491,3.9810717055349722,3.890451449942806
0.55,0.630957344480193,3.2359365692962827,3.1622776601683795
0.55,0.707945784384138,2.6302679918953817,2.570395782768864
0.55,0.7943282347242814,2.137962089502232,2.0892961308540396
0.55,0.8912509381337459,1.7378008287493754,1.6982436524617444
0.55,1.,1.3803842646028848,1.3803842646028848
0.55,1.122018454301963,1.1220184543019633,1.096478196143185
0.55,1.2589254117941675,1.,1.
0.55,1.412537544622754,1.,1.
0.55,1.584893192461114,1.,0
0.55,1.7782794100389228,1.,0
0.55,1.9952623149688788,0,0
0.6000000000000001,0.000630957344480193,0,3311.311214825911
0.6000000000000001,0.0007079457843841374,0,3311.311214825911
0.6000000000000001,0.0007943282347242813,0,3235.9365692962842
0.6000000000000001,0.000891250938133745,0,3235.9365692962842
0.6000000000000001,0.001,0,3162.2776601683795
0.6000000000000001,0.001122018454301963,0,3162.2776601683795
0.6000000000000001,0.0012589254117941662,2.3988329190194897e7,3090.295432513592
0.6000000000000001,0.001412537544622754,1.6595869074375596e7,3090.295432513592
0.6000000000000001,0.0015848931924611126,1.1481536214968842e7,3019.9517204020162
0.6000000000000001,0.0017782794100389228,7.943282347242822e6,2951.209226666387
0.6000000000000001,0.001995262314968879,5.623413251903491e6,2884.031503126606
0.6000000000000001,0.0022387211385683377,3.890451449942805e6,2818.382931264455
0.6000000000000001,0.0025118864315095794,2.691534803926914e6,2754.2287033381663
0.6000000000000001,0.002818382931264452,1.8620871366628695e6,2691.5348039269165
0.6000000000000001,0.0031622776601683794,1.288249551693135e6,2570.3957827688646
0.6000000000000001,0.0035481338923357532,891250.9381337459,2511.88643150958
0.6000000000000001,0.003981071705534969,630957.344480193,2398.83291901949
0.6000000000000001,0.0044668359215096305,436515.8322401656,2290.8676527677726
0.6000000000000001,0.005011872336272719,301995.1720402019,2187.761623949552
0.6000000000000001,0.005623413251903491,208929.6130854041,2089.2961308540407
0.6000000000000001,0.00630957344480193,144543.9770745928,1995.262314968881
0.6000000000000001,0.0070794578438413735,102329.29922807537,1862.0871366628676
0.6000000000000001,0.007943282347242814,70794.57843841388,1737.8008287493763
0.6000000000000001,0.008912509381337459,48977.881936844664,1621.8100973589299
0.6000000000000001,0.01,8317.63771102671,1513.5612484362086
0.6000000000000001,0.01122018454301963,6760.829753919818,1380.3842646028852
0.6000000000000001,0.012589254117941668,5495.408738576249,1258.9254117941675
0.6000000000000001,0.01412537544622754,4365.158322401661,1148.1536214968828
0.6000000000000001,0.015848931924611134,3548.1338923357566,1047.1285480508996
0.6000000000000001,0.01778279410038923,2884.031503126606,933.2543007969915
0.6000000000000001,0.01995262314968879,2344.228815319923,831.7637711026708
0.6000000000000001,0.02238721138568339,1862.0871366628676,741.3102413009177
0.6000000000000001,0.025118864315095794,1513.5612484362086,645.6542290346556
0.6000000000000001,0.028183829312644536,1230.268770812381,575.4399373371573
0.6000000000000001,0.03162277660168379,1000.,501.18723362727246
0.6000000000000001,0.03548133892335753,812.8305161640995,426.57951880159254
0.6000000000000001,0.03981071705534971,645.6542290346556,371.5352290971724
0.6000000000000001,0.0446683592150963,524.8074602497728,316.22776601683796
0.6000000000000001,0.05011872336272722,426.57951880159254,269.1534803926917
0.6000000000000001,0.05623413251903491,346.73685045253166,229.08676527677724
0.6000000000000001,0.0630957344480193,281.8382931264455,194.98445997580455
0.6000000000000001,0.0707945784384138,223.872113856834,162.18100973589299
0.6000000000000001,0.07943282347242814,181.97008586099844,134.89628825916532
0.6000000000000001,0.0891250938133745,147.91083881682073,112.2018454301963
0.6000000000000001,0.1,120.22644346174131,93.3254300796991
0.6000000000000001,0.1122018454301963,95.49925860214358,77.6247116628692
0.6000000000000001,0.12589254117941676,77.6247116628692,64.56542290346556
0.6000000000000001,0.1412537544622754,63.09573444801933,53.70317963702527
0.6000000000000001,0.15848931924611143,51.28613839913648,43.65158322401661
0.6000000000000001,0.1778279410038923,41.68693834703355,36.30780547701014
0.6000000000000001,0.1995262314968879,33.11311214825911,29.512092266663856
0.6000000000000001,0.223872113856834,26.915348039269155,24.547089156850312
0.6000000000000001,0.25118864315095796,21.87761623949553,19.952623149688797
0.6000000000000001,0.2818382931264455,17.78279410038923,16.218100973589298
0.6000000000000001,0.31622776601683794,14.454397707459272,13.48962882591654
0.6000000000000001,0.3548133892335753,11.481536214968829,10.964781961431852
0.6000000000000001,0.3981071705534973,9.33254300796991,8.912509381337456
0.6000000000000001,0.44668359215096304,7.5857757502918375,7.244359600749901
0.6000000000000001,0.5011872336272725,6.165950018614822,5.88843655355589
0.6000000000000001,0.5623413251903491,5.011872336272724,4.786300923226384
0.6000000000000001,0.630957344480193,3.9810717055349722,3.890451449942806
0.6000000000000001,0.707945784384138,3.2359365692962827,3.1622776601683795
0.6000000000000001,0.7943282347242814,2.6302679918953817,2.570395782768864
0.6000000000000001,0.8912509381337459,2.137962089502232,2.0892961308540396
0.6000000000000001,1.,1.7378008287493754,1.6982436524617444
0.6000000000000001,1.122018454301963,1.4125375446227544,1.3803842646028848
0.6000000000000001,1.2589254117941675,1.1220184543019633,1.1220184543019633
0.6000000000000001,1.412537544622754,1.,1.
0.6000000000000001,1.584893192461114,1.,1.
0.6000000000000001,1.7782794100389228,1.,0
0.6000000000000001,1.9952623149688788,1.,0
0.6500000000000001,0.000630957344480193,0,2951.209226666387
0.6500000000000001,0.0007079457843841374,0,2884.031503126606
0.6500000000000001,0.0007943282347242813,0,2884.031503126606
0.6500000000000001,0.000891250938133745,0,2884.031503126606
0.6500000000000001,0.001,0,2818.382931264455
0.6500000000000001,0.001122018454301963,0,2818.382931264455
0.6500000000000001,0.0012589254117941662,0,2754.2287033381663
0.6500000000000001,0.001412537544622754,2.5118864315095823e7,2754.2287033381663
0.6500000000000001,0.0015848931924611126,1.7782794100389227e7,2691.5348039269165
0.6500000000000001,0.0017782794100389228,1.230268770812381e7,2691.5348039269165
0.6500000000000001,0.001995262314968879,8.51138038202376e6,2630.2679918953813
0.6500000000000001,0.0022387211385683377,5.888436553555896e6,2570.3957827688646
0.6500000000000001,0.0025118864315095794,4.0738027780411304e6,2511.88643150958
0.6500000000000001,0.002818382931264452,2.818382931264455e6,2454.708915685031
0.6500000000000001,0.0031622776601683794,1.9952623149688789e6,2398.83291901949
0.6500000000000001,0.0035481338923357532,1.3803842646028867e6,2344.228815319923
0.6500000000000001,0.003981071705534969,954992.5860214368,2238.72113856834
0.6500000000000001,0.0044668359215096305,660693.4480075964,2187.761623949552
0.6500000000000001,0.005011872336272719,457088.1896148752,2089.2961308540407
0.6500000000000001,0.005623413251903491,316227.7660168379,1995.262314968881
0.6500000000000001,0.00630957344480193,223872.11385683424,1905.4607179632483
0.6500000000000001,0.0070794578438413735,154881.66189124828,1819.7008586099844
0.6500000000000001,0.007943282347242814,107151.9305237607,1698.2436524617442
0.6500000000000001,0.008912509381337459,74131.02413009177,1621.8100973589299
0.6500000000000001,0.01,51286.13839913648,1513.5612484362086
0.6500000000000001,0.01122018454301963,8709.635899560806,1412.537544622754
0.6500000000000001,0.012589254117941668,6918.309709189362,1288.2495516931335
0.6500000000000001,0.01412537544622754,5623.413251903491,1202.2644346174131
0.6500000000000001,0.015848931924611134,4570.881896148751,1096.4781961431852
0.6500000000000001,0.01778279410038923,3715.3522909717276,1000.
0.6500000000000001,0.01995262314968879,2951.209226666387,891.2509381337459
0.6500000000000001,0.02238721138568339,2398.83291901949,794.3282347242813
0.6500000000000001,0.025118864315095794,1949.8445997580454,707.945784384138
0.6500000000000001,0.028183829312644536,1584.893192461114,630.9573444801937
0.6500000000000001,0.03162277660168379,1258.9254117941675,549.5408738576248
0.6500000000000001,0.03548133892335753,1023.2929922807547,489.77881936844614
0.6500000000000001,0.03981071705534971,831.7637711026708,416.8693834703355
0.6500000000000001,0.0446683592150963,676.0829753919819,363.0780547701014
0.6500000000000001,0.05011872336272722,549.5408738576248,316.22776601683796
0.6500000000000001,0.05623413251903491,436.5158322401661,269.1534803926917
0.6500000000000001,0.0630957344480193,354.81338923357566,229.08676527677724
0.6500000000000001,0.0707945784384138,288.40315031266056,194.98445997580455
0.6500000000000001,0.07943282347242814,234.42288153199226,162.18100973589299
0.6500000000000001,0.0891250938133745,190.54607179632484,138.03842646028852
0.6500000000000001,0.1,151.35612484362088,114.81536214968828
0.6500000000000001,0.1122018454301963,123.02687708123811,95.49925860214358
0.6500000000000001,0.12589254117941676,100.,79.43282347242817
0.6500000000000001,0.1412537544622754,81.28305161640995,66.06934480075961
0.6500000000000001,0.15848931924611143,66.06934480075961,54.954087385762456
0.6500000000000001,0.1778279410038923,52.48074602497726,44.668359215096324
0.6500000000000001,0.1995262314968879,42.657951880159274,37.15352290971726
0.6500000000000001,0.223872113856834,34.673685045253166,30.19951720402016
0.6500000000000001,0.25118864315095796,28.183829312644534,25.11886431509581
0.6500000000000001,0.2818382931264455,22.908676527677734,20.417379446695296
0.6500000000000001,0.31622776601683794,18.197008586099834,16.595869074375607
0.6500000000000001,0.3548133892335753,14.791083881682072,13.803842646028853
0.6500000000000001,0.3981071705534973,12.02264434617413,11.220184543019636
0.6500000000000001,0.44668359215096304,9.772372209558107,9.120108393559097
0.6500000000000001,0.5011872336272725,7.943282347242816,7.413102413009175
0.6500000000000001,0.5623413251903491,6.309573444801933,6.025595860743578
0.6500000000000001,0.630957344480193,5.1286138399136485,4.8977881936844625
0.6500000000000001,0.707945784384138,4.168693834703354,3.9810717055349722
0.6500000000000001,0.7943282347242814,3.3884415613920256,3.2359365692962827
0.6500000000000001,0.8912509381337459,2.7542287033381663,2.6302679918953817
0.6500000000000001,1.,2.1877616239495525,2.137962089502232
0.6500000000000001,1.122018454301963,1.7782794100389228,1.7378008287493754
0.6500000000000001,1.2589254117941675,1.4454397707459274,1.4125375446227544
0.6500000000000001,1.412537544622754,1.1748975549395295,1.1481536214968828
0.6500000000000001,1.584893192461114,1.,1.
0.6500000000000001,1.7782794100389228,1.,1.
0.6500000000000001,1.9952623149688788,1.,0
0.7000000000000001,0.000630957344480193,0,2630.2679918953813
0.7000000000000001,0.0007079457843841374,0,2630.2679918953813
0.7000000000000001,0.0007943282347242813,0,2570.3957827688646
0.7000000000000001,0.000891250938133745,0,2570.3957827688646
0.7000000000000001,0.001,0,2570.3957827688646
0.7000000000000001,0.001122018454301963,0,2511.88643150958
0.7000000000000001,0.0012589254117941662,0,2511.88643150958
0.7000000000000001,0.001412537544622754,0,2454.708915685031
0.7000000000000001,0.0015848931924611126,2.8840315031266056e7,2454.708915685031
0.7000000000000001,0.0017782794100389228,1.9952623149688788e7,2398.83291901949
0.7000000000000001,0.001995262314968879,1.3803842646028867e7,2398.83291901949
0.7000000000000001,0.0022387211385683377,9.54992586021437e6,2344.228815319923
0.7000000000000001,0.0025118864315095794,6.606934480075965e6,2290.8676527677726
0.7000000000000001,0.002818382931264452,4.677351412871981e6,2290.8676527677726
0.7000000000000001,0.0031622776601683794,3.235936569296281e6,2238.72113856834
0.7000000000000001,0.0035481338923357532,2.238721138568342e6,2187.761623949552
0.7000000000000001,0.003981071705534969,1.5488166189124826e6,2089.2961308540407
0.7000000000000001,0.0044668359215096305,1.071519305237607e6,2041.7379446695295
0.7000000000000001,0.005011872336272719,758577.5750291835,1995.262314968881
0.7000000000000001,0.005623413251903491,524807.4602497723,1905.4607179632483
0.7000000000000001,0.00630957344480193,363078.05477010173,1819.7008586099844
0.7000000000000001,0.0070794578438413735,251188.6431509582,1778.2794100389228
0.7000000000000001,0.007943282347242814,173780.08287493762,1698.2436524617442
0.7000000000000001,0.008912509381337459,120226.4434617413,1584.893192461114
0.7000000000000001,0.01,85113.80382023759,1513.5612484362086
0.7000000000000001,0.01122018454301963,58884.36553555896,1412.537544622754
0.7000000000000001,0.012589254117941668,40738.02778041131,1318.2567385564075
0.7000000000000001,0.01412537544622754,7413.102413009177,1230.268770812381
0.7000000000000001,0.015848931924611134,6025.5958607435805,1148.1536214968828
0.7000000000000001,0.01778279410038923,4897.7881936844615,1047.1285480508996
0.7000000000000001,0.01995262314968879,3981.0717055349733,954.992586021436
0.7000000000000001,0.02238721138568339,3162.2776601683795,870.9635899560806
0.7000000000000001,0.025118864315095794,2570.3957827688646,776.247116628692
0.7000000000000001,0.028183829312644536,2089.2961308540407,691.8309709189363
0.7000000000000001,0.03162277660168379,1698.2436524617442,616.5950018614822
0.7000000000000001,0.03548133892335753,1380.3842646028852,549.5408738576248
0.7000000000000001,0.03981071705534971,1096.4781961431852,489.77881936844614
0.7000000000000001,0.0446683592150963,891.2509381337459,426.57951880159254
0.7000000000000001,0.05011872336272722,724.4359600749899,371.5352290971724
0.7000000000000001,0.05623413251903491,588.843655355589,316.22776601683796
0.7000000000000001,0.0630957344480193,478.6300923226385,275.4228703338166
0.7000000000000001,0.0707945784384138,380.1893963205613,234.42288153199226
0.7000000000000001,0.07943282347242814,309.0295432513592,199.52623149688807
0.7000000000000001,0.0891250938133745,251.18864315095797,169.82436524617444
0.7000000000000001,0.1,204.17379446695296,141.2537544622754
0.7000000000000001,0.1122018454301963,162.18100973589299,120.22644346174131
0.7000000000000001,0.12589254117941676,131.82567385564073,100.
0.7000000000000001,0.1412537544622754,107.1519305237607,83.17637711026708
0.7000000000000001,0.15848931924611143,87.09635899560806,69.18309709189366
0.7000000000000001,0.1778279410038923,70.79457843841381,57.543993733715695
0.7000000000000001,0.1995262314968879,56.23413251903491,47.86300923226383
0.7000000000000001,0.223872113856834,45.708818961487516,38.90451449942807
0.7000000000000001,0.25118864315095796,37.15352290971726,32.359365692962825
0.7000000000000001,0.2818382931264455,30.19951720402016,26.302679918953814
0.7000000000000001,0.31622776601683794,24.547089156850312,21.87761623949553
0.7000000000000001,0.3548133892335753,19.498445997580454,17.78279410038923
0.7000000000000001,0.3981071705534973,15.848931924611133,14.454397707459272
0.7000000000000001,0.44668359215096304,12.882495516931343,12.02264434617413
0.7000000000000001,0.5011872336272725,10.471285480508996,9.772372209558107
0.7000000000000001,0.5623413251903491,8.511380382023766,7.943282347242816
0.7000000000000001,0.630957344480193,6.760829753919819,6.456542290346556
0.7000000000000001,0.707945784384138,5.495408738576246,5.248074602497725
0.7000000000000001,0.7943282347242814,4.466835921509632,4.265795188015927
0.7000000000000001,0.8912509381337459,3.630780547701014,3.4673685045253166
0.7000000000000001,1.,2.951209226666386,2.8183829312644537
0.7000000000000001,1.122018454301963,2.3988329190194904,2.290867652767773
0.7000000000000001,1.2589254117941675,1.9054607179632472,1.8620871366628675
0.7000000000000001,1.412537544622754,1.5488166189124815,1.5135612484362082
0.7000000000000001,1.584893192461114,1.2589254117941673,1.2302687708123816
0.7000000000000001,1.7782794100389228,1.023292992280754,1.
0.7000000000000001,1.9952623149688788,1.,1.
0.7500000000000001,0.000630957344480193,0,2344.228815319923
0.7500000000000001,0.0007079457843841374,0,2344.228815319923
0.7500000000000001,0.0007943282347242813,0,2344.228815319923
0.7500000000000001,0.000891250938133745,0,2290.8676527677726
0.7500000000000001,0.001,0,2290.8676527677726
0.7500000000000001,0.001122018454301963,0,2290.8676527677726
0.7500000000000001,0.0012589254117941662,0,2290.8676527677726
0.7500000000000001,0.001412537544622754,0,2238.72113856834
0.7500000000000001,0.0015848931924611126,0,2238.72113856834
0.7500000000000001,0.0017782794100389228,0,2187.761623949552
0.7500000000000001,0.001995262314968879,2.4547089156850334e7,2187.761623949552
0.7500000000000001,0.0022387211385683377,1.698243652461746e7,2137.9620895022326
0.7500000000000001,0.0025118864315095794,1.202264434617413e7,2137.9620895022326
0.7500000000000001,0.002818382931264452,8.317637711026709e6,2089.2961308540407
0.7500000000000001,0.0031622776601683794,5.754399373371567e6,2041.7379446695295
0.7500000000000001,0.0035481338923357532,3.9810717055349774e6,2041.7379446695295
0.7500000000000001,0.003981071705534969,2.754228703338169e6,1995.262314968881
0.7500000000000001,0.0044668359215096305,1.9054607179632483e6,1949.8445997580454
0.7500000000000001,0.005011872336272719,1.3489628825916534e6,1905.4607179632483
0.7500000000000001,0.005623413251903491,933254.3007969905,1819.7008586099844
0.7500000000000001,0.00630957344480193,645654.2290346563,1778.2794100389228
0.7500000000000001,0.0070794578438413735,446683.5921509635,1698.2436524617442
0.7500000000000001,0.007943282347242814,309029.5432513592,1659.5869074375614
0.7500000000000001,0.008912509381337459,213796.20895022326,1584.893192461114
0.7500000000000001,0.01,151356.12484362072,1513.5612484362086
0.7500000000000001,0.01122018454301963,104712.85480509007,1412.537544622754
0.7500000000000001,0.012589254117941668,72443.59600749906,1348.9628825916532
0.7500000000000001,0.01412537544622754,50118.72336272725,1258.9254117941675
0.7500000000000001,0.015848931924611134,8511.380382023768,1174.8975549395302
0.7500000000000001,0.01778279410038923,6918.309709189362,1096.4781961431852
0.7500000000000001,0.01995262314968879,5495.408738576249,1023.2929922807547
0.7500000000000001,0.02238721138568339,4466.835921509631,933.2543007969915
0.7500000000000001,0.025118864315095794,3630.780547701014,851.1380382023768
0.7500000000000001,0.028183829312644536,2951.209226666387,776.247116628692
0.7500000000000001,0.03162277660168379,2344.228815319923,707.945784384138
0.7500000000000001,0.03548133892335753,1905.4607179632483,630.9573444801937
0.7500000000000001,0.03981071705534971,1548.816618912481,562.341325190349
0.7500000000000001,0.0446683592150963,1258.9254117941675,501.18723362727246
0.7500000000000001,0.05011872336272722,1023.2929922807547,436.5158322401661
0.7500000000000001,0.05623413251903491,812.8305161640995,380.1893963205613
0.7500000000000001,0.0630957344480193,660.6934480075957,331.1311214825911
0.7500000000000001,0.0707945784384138,537.0317963702527,288.40315031266056
0.7500000000000001,0.07943282347242814,436.5158322401661,245.4708915685031
0.7500000000000001,0.0891250938133745,346.73685045253166,213.79620895022325
0.7500000000000001,0.1,281.8382931264455,181.97008586099844
0.7500000000000001,0.1122018454301963,229.08676527677724,151.35612484362088
0.7500000000000001,0.12589254117941676,186.20871366628674,128.82495516931337
0.7500000000000001,0.1412537544622754,151.35612484362088,107.1519305237607
0.7500000000000001,0.15848931924611143,120.22644346174131,91.20108393559097
0.7500000000000001,0.1778279410038923,97.72372209558107,75.8577575029184
0.7500000000000001,0.1995262314968879,79.43282347242817,63.09573444801933
0.7500000000000001,0.223872113856834,64.56542290346556,52.48074602497726
0.7500000000000001,0.25118864315095796,52.48074602497726,43.65158322401661
0.7500000000000001,0.2818382931264455,41.68693834703355,35.48133892335755
0.7500000000000001,0.31622776601683794,33.884415613920254,29.512092266663856
0.7500000000000001,0.3548133892335753,27.542287033381662,23.98832919019491
0.7500000000000001,0.3981071705534973,22.3872113856834,19.952623149688797
0.7500000000000001,0.44668359215096304,18.197008586099834,16.218100973589298
0.7500000000000001,0.5011872336272725,14.454397707459272,13.182567385564074
0.7500000000000001,0.5623413251903491,11.748975549395297,10.964781961431852
0.7500000000000001,0.630957344480193,9.549925860214358,8.912509381337456
0.7500000000000001,0.707945784384138,7.762471166286917,7.244359600749901
0.7500000000000001,0.7943282347242814,6.309573444801933,5.88843655355589
0.7500000000000001,0.8912509381337459,5.011872336272724,4.786300923226384
0.7500000000000001,1.,4.073802778041127,3.890451449942806
0.7500000000000001,1.122018454301963,3.311311214825911,3.1622776601683795
0.7500000000000001,1.2589254117941675,2.6915348039269156,2.570395782768864
0.7500000000000001,1.412537544622754,2.1877616239495525,2.0892961308540396
0.7500000000000001,1.584893192461114,1.7378008287493754,1.6982436524617444
0.7500000000000001,1.7782794100389228,1.4125375446227544,1.3803842646028848
0.7500000000000001,1.9952623149688788,1.1481536214968828,1.1220184543019633
0.8,0.000630957344480193,0,2137.9620895022326
0.8,0.0007079457843841374,0,2137.9620895022326
0.8,0.0007943282347242813,0,2089.2961308540407
0.8,0.000891250938133745,0,2089.2961308540407
0.8,0.001,0,2089.2961308540407
0.8,0.001122018454301963,0,2089.2961308540407
0.8,0.0012589254117941662,0,2089.2961308540407
0.8,0.001412537544622754,0,2041.7379446695295
0.8,0.0015848931924611126,0,2041.7379446695295
0.8,0.0017782794100389228,0,2041.7379446695295
0.8,0.001995262314968879,0,1995.262314968881
0.8,0.0022387211385683377,0,1995.262314968881
0.8,0.0025118864315095794,2.3988329190194897e7,1949.8445997580454
0.8,0.002818382931264452,1.6595869074375596e7,1949.8445997580454
0.8,0.0031622776601683794,1.1748975549395302e7,1905.4607179632483
0.8,0.0035481338923357532,8.128305161640995e6,1905.4607179632483
0.8,0.003981071705534969,5.623413251903491e6,1862.0871366628676
0.8,0.0044668359215096305,3.890451449942805e6,1819.7008586099844
0.8,0.005011872336272719,2.691534803926914e6,1778.2794100389228
0.8,0.005623413251903491,1.8620871366628695e6,1737.8008287493763
0.8,0.00630957344480193,1.3182567385564074e6,1698.2436524617442
0.8,0.0070794578438413735,912010.8393559096,1659.5869074375614
0.8,0.007943282347242814,630957.344480193,1621.8100973589299
0.8,0.008912509381337459,436515.8322401656,1548.816618912481
0.8,0.01,301995.1720402019,1513.5612484362086
0.8,0.01122018454301963,208929.6130854041,1445.439770745928
0.8,0.012589254117941668,147910.83881682073,1380.3842646028852
0.8,0.01412537544622754,102329.29922807537,1318.2567385564075
0.8,0.015848931924611134,70794.57843841388,1230.268770812381
0.8,0.01778279410038923,48977.881936844664,1174.8975549395302
0.8,0.01995262314968879,8317.63771102671,1096.4781961431852
0.8,0.02238721138568339,6760.829753919818,1023.2929922807547
0.8,0.025118864315095794,5495.408738576249,954.992586021436
0.8,0.028183829312644536,4466.835921509631,870.9635899560806
0.8,0.03162277660168379,3548.1338923357566,794.3282347242813
0.8,0.03548133892335753,2884.031503126606,724.4359600749899
0.8,0.03981071705534971,2344.228815319923,660.6934480075957
0.8,0.0446683592150963,1905.4607179632483,588.843655355589
0.8,0.05011872336272722,1513.5612484362086,537.0317963702527
0.8,0.05623413251903491,1230.268770812381,467.73514128719813
0.8,0.0630957344480193,1000.,416.8693834703355
0.8,0.0707945784384138,812.8305161640995,363.0780547701014
0.8,0.07943282347242814,660.6934480075957,316.22776601683796
0.8,0.0891250938133745,524.8074602497728,275.4228703338166
0.8,0.1,426.57951880159254,239.88329190194898
0.8,0.1122018454301963,346.73685045253166,204.17379446695296
0.8,0.12589254117941676,281.8382931264455,173.78008287493762
0.8,0.1412537544622754,223.872113856834,147.91083881682073
0.8,0.15848931924611143,181.97008586099844,125.89254117941675
0.8,0.1778279410038923,147.91083881682073,104.71285480508996
0.8,0.1995262314968879,120.22644346174131,89.12509381337455
0.8,0.223872113856834,97.72372209558107,74.13102413009177
0.8,0.25118864315095796,77.6247116628692,61.65950018614822
0.8,0.2818382931264455,63.09573444801933,51.28613839913648
0.8,0.31622776601683794,51.28613839913648,42.657951880159274
0.8,0.3548133892335753,41.68693834703355,34.673685045253166
0.8,0.3981071705534973,33.884415613920254,28.84031503126606
0.8,0.44668359215096304,26.915348039269155,23.442288153199225
0.8,0.5011872336272725,21.87761623949553,19.498445997580454
0.8,0.5623413251903491,17.78279410038923,15.848931924611133
0.8,0.630957344480193,14.454397707459272,13.182567385564074
0.8,0.707945784384138,11.748975549395297,10.715193052376065
0.8,0.7943282347242814,9.33254300796991,8.709635899560807
0.8,0.8912509381337459,7.5857757502918375,7.079457843841379
0.8,1.,6.165950018614822,5.7543993733715695
0.8,1.122018454301963,5.011872336272724,4.786300923226384
0.8,1.2589254117941675,4.073802778041127,3.890451449942806
0.8,1.412537544622754,3.2359365692962827,3.1622776601683795
0.8,1.584893192461114,2.6302679918953817,2.570395782768864
0.8,1.7782794100389228,2.137962089502232,2.0892961308540396
0.8,1.9952623149688788,1.7378008287493754,1.6982436524617444
0.8500000000000001,0.000630957344480193,0,1949.8445997580454
0.8500000000000001,0.0007079457843841374,0,1949.8445997580454
0.8500000000000001,0.0007943282347242813,0,1905.4607179632483
0.8500000000000001,0.000891250938133745,0,1905.4607179632483
0.8500000000000001,0.001,0,1905.4607179632483
0.8500000000000001,0.001122018454301963,0,1905.4607179632483
0.8500000000000001,0.0012589254117941662,0,1905.4607179632483
0.8500000000000001,0.001412537544622754,0,1905.4607179632483
0.8500000000000001,0.0015848931924611126,0,1862.0871366628676
0.8500000000000001,0.0017782794100389228,0,1862.0871366628676
0.8500000000000001,0.001995262314968879,0,1862.0871366628676
0.8500000000000001,0.0022387211385683377,0,1862.0871366628676
0.8500000000000001,0.0025118864315095794,0,1819.7008586099844
0.8500000000000001,0.002818382931264452,0,1819.7008586099844
0.8500000000000001,0.0031622776601683794,2.8840315031266056e7,1819.7008586099844
0.8500000000000001,0.0035481338923357532,1.9952623149688788e7,1778.2794100389228
0.8500000000000001,0.003981071705534969,1.3803842646028867e7,1778.2794100389228
0.8500000000000001,0.0044668359215096305,9.772372209558113e6,1737.8008287493763
0.8500000000000001,0.005011872336272719,6.760829753919818e6,1698.2436524617442
0.8500000000000001,0.005623413251903491,4.677351412871981e6,1698.2436524617442
0.8500000000000001,0.00630957344480193,3.235936569296281e6,1659.5869074375614
0.8500000000000001,0.0070794578438413735,2.238721138568342e6,1621.8100973589299
0.8500000000000001,0.007943282347242814,1.5488166189124826e6,1584.893192461114
0.8500000000000001,0.008912509381337459,1.096478196143185e6,1548.816618912481
0.8500000000000001,0.01,758577.5750291835,1513.5612484362086
0.8500000000000001,0.01122018454301963,524807.4602497723,1445.439770745928
0.8500000000000001,0.012589254117941668,363078.05477010173,1412.537544622754
0.8500000000000001,0.01412537544622754,251188.6431509582,1348.9628825916532
0.8500000000000001,0.015848931924611134,177827.94100389228,1288.2495516931335
0.8500000000000001,0.01778279410038923,123026.87708123811,1230.268770812381
0.8500000000000001,0.01995262314968879,85113.80382023759,1174.8975549395302
0.8500000000000001,0.02238721138568339,58884.36553555896,1122.018454301964
0.8500000000000001,0.025118864315095794,40738.02778041131,1047.1285480508996
0.8500000000000001,0.028183829312644536,7585.775750291836,1000.
0.8500000000000001,0.03162277660168379,6025.5958607435805,933.2543007969915
0.8500000000000001,0.03548133892335753,4897.7881936844615,851.1380382023768
0.8500000000000001,0.03981071705534971,3981.0717055349733,794.3282347242813
0.8500000000000001,0.0446683592150963,3235.9365692962842,724.4359600749899
0.8500000000000001,0.05011872336272722,2570.3957827688646,660.6934480075957
0.8500000000000001,0.05623413251903491,2089.2961308540407,602.5595860743581
0.8500000000000001,0.0630957344480193,1698.2436524617442,537.0317963702527
0.8500000000000001,0.0707945784384138,1380.3842646028852,478.6300923226385
0.8500000000000001,0.07943282347242814,1122.018454301964,426.57951880159254
0.8500000000000001,0.0891250938133745,891.2509381337459,371.5352290971724
0.8500000000000001,0.1,724.4359600749899,331.1311214825911
0.8500000000000001,0.1122018454301963,588.843655355589,288.40315031266056
0.8500000000000001,0.12589254117941676,478.6300923226385,245.4708915685031
0.8500000000000001,0.1412537544622754,389.04514499428046,213.79620895022325
0.8500000000000001,0.15848931924611143,309.0295432513592,181.97008586099844
0.8500000000000001,0.1778279410038923,251.18864315095797,154.88166189124811
0.8500000000000001,0.1995262314968879,204.17379446695296,131.82567385564073
0.8500000000000001,0.223872113856834,165.95869074375614,112.2018454301963
0.8500000000000001,0.25118864315095796,131.82567385564073,95.49925860214358
0.8500000000000001,0.2818382931264455,107.1519305237607,79.43282347242817
0.8500000000000001,0.31622776601683794,87.09635899560806,66.06934480075961
0.8500000000000001,0.3548133892335753,70.79457843841381,54.954087385762456
0.8500000000000001,0.3981071705534973,57.543993733715695,45.708818961487516
0.8500000000000001,0.44668359215096304,45.708818961487516,38.018939632056124
0.8500000000000001,0.5011872336272725,37.15352290971726,31.622776601683793
0.8500000000000001,0.5623413251903491,30.19951720402016,25.703957827688633
0.8500000000000001,0.630957344480193,24.547089156850312,21.379620895022324
0.8500000000000001,0.707945784384138,19.952623149688797,17.378008287493753
0.8500000000000001,0.7943282347242814,15.848931924611133,14.454397707459272
0.8500000000000001,0.8912509381337459,12.882495516931343,11.748975549395297
0.8500000000000001,1.,10.471285480508996,9.549925860214358
0.8500000000000001,1.122018454301963,8.511380382023766,7.943282347242816
0.8500000000000001,1.2589254117941675,6.918309709189364,6.456542290346556
0.8500000000000001,1.412537544622754,5.495408738576246,5.248074602497725
0.8500000000000001,1.584893192461114,4.466835921509632,4.265795188015927
0.8500000000000001,1.7782794100389228,3.630780547701014,3.4673685045253166
0.8500000000000001,1.9952623149688788,2.951209226666386,2.8183829312644537
0.9000000000000001,0.000630957344480193,0,1778.2794100389228
0.9000000000000001,0.0007079457843841374,0,1778.2794100389228
0.9000000000000001,0.0007943282347242813,0,1778.2794100389228
0.9000000000000001,0.000891250938133745,0,1737.8008287493763
0.9000000000000001,0.001,0,1737.8008287493763
0.9000000000000001,0.001122018454301963,0,1737.8008287493763
0.9000000000000001,0.0012589254117941662,0,1737.8008287493763
0.9000000000000001,0.001412537544622754,0,1737.8008287493763
0.9000000000000001,0.0015848931924611126,0,1737.8008287493763
0.9000000000000001,0.0017782794100389228,0,1737.8008287493763
0.9000000000000001,0.001995262314968879,0,1737.8008287493763
0.9000000000000001,0.0022387211385683377,0,1698.2436524617442
0.9000000000000001,0.0025118864315095794,0,1698.2436524617442
0.9000000000000001,0.002818382931264452,0,1698.2436524617442
0.9000000000000001,0.0031622776601683794,0,1698.2436524617442
0.9000000000000001,0.0035481338923357532,0,1659.5869074375614
0.9000000000000001,0.003981071705534969,0,1659.5869074375614
0.9000000000000001,0.0044668359215096305,0,1659.5869074375614
0.9000000000000001,0.005011872336272719,2.4547089156850334e7,1621.8100973589299
0.9000000000000001,0.005623413251903491,1.698243652461746e7,1621.8100973589299
0.9000000000000001,0.00630957344480193,1.1748975549395302e7,1584.893192461114
0.9000000000000001,0.0070794578438413735,8.128305161640995e6,1584.893192461114
0.9000000000000001,0.007943282347242814,5.623413251903491e6,1548.816618912481
0.9000000000000001,0.008912509381337459,3.890451449942805e6,1513.5612484362086
0.9000000000000001,0.01,2.754228703338169e6,1513.5612484362086
0.9000000000000001,0.01122018454301963,1.9054607179632483e6,1479.1083881682073
0.9000000000000001,0.012589254117941668,1.3182567385564074e6,1445.439770745928
0.9000000000000001,0.01412537544622754,912010.8393559096,1412.537544622754
0.9000000000000001,0.015848931924611134,630957.344480193,1348.9628825916532
0.9000000000000001,0.01778279410038923,436515.8322401656,1318.2567385564075
0.9000000000000001,0.01995262314968879,309029.5432513592,1288.2495516931335
0.9000000000000001,0.02238721138568339,213796.20895022326,1230.268770812381
0.9000000000000001,0.025118864315095794,147910.83881682073,1174.8975549395302
0.9000000000000001,0.028183829312644536,102329.29922807537,1122.018454301964
0.9000000000000001,0.03162277660168379,70794.57843841388,1071.519305237607
0.9000000000000001,0.03548133892335753,50118.72336272725,1023.2929922807547
0.9000000000000001,0.03981071705534971,8317.63771102671,954.992586021436
0.9000000000000001,0.0446683592150963,6760.829753919818,891.2509381337459
0.9000000000000001,0.05011872336272722,5495.408738576249,831.7637711026708
0.9000000000000001,0.05623413251903491,4466.835921509631,776.247116628692
0.9000000000000001,0.0630957344480193,3548.1338923357566,707.945784384138
0.9000000000000001,0.0707945784384138,2884.031503126606,660.6934480075957
0.9000000000000001,0.07943282347242814,2344.228815319923,602.5595860743581
0.9000000000000001,0.0891250938133745,1905.4607179632483,537.0317963702527
0.9000000000000001,0.1,1548.816618912481,489.77881936844614
0.9000000000000001,0.1122018454301963,1230.268770812381,436.5158322401661
0.9000000000000001,0.12589254117941676,1000.,380.1893963205613
0.9000000000000001,0.1412537544622754,812.8305161640995,338.84415613920277
0.9000000000000001,0.15848931924611143,660.6934480075957,295.1209226666387
0.9000000000000001,0.1778279410038923,537.0317963702527,257.03957827688646
0.9000000000000001,0.1995262314968879,426.57951880159254,223.872113856834
0.9000000000000001,0.223872113856834,346.73685045253166,194.98445997580455
0.9000000000000001,0.25118864315095796,281.8382931264455,165.95869074375614
0.9000000000000001,0.2818382931264455,229.08676527677724,141.2537544622754
0.9000000000000001,0.31622776601683794,181.97008586099844,120.22644346174131
0.9000000000000001,0.3548133892335753,147.91083881682073,102.32929922807547
0.9000000000000001,0.3981071705534973,120.22644346174131,85.11380382023764
0.9000000000000001,0.44668359215096304,97.72372209558107,72.44359600749902
0.9000000000000001,0.5011872336272725,79.43282347242817,60.25595860743578
0.9000000000000001,0.5623413251903491,63.09573444801933,50.11872336272722
0.9000000000000001,0.630957344480193,51.28613839913648,41.68693834703355
0.9000000000000001,0.707945784384138,41.68693834703355,34.673685045253166
0.9000000000000001,0.7943282347242814,33.884415613920254,28.183829312644534
0.9000000000000001,0.8912509381337459,27.542287033381662,23.442288153199225
0.9000000000000001,1.,21.87761623949553,19.054607179632473
0.9000000000000001,1.122018454301963,17.78279410038923,15.848931924611133
0.9000000000000001,1.2589254117941675,14.454397707459272,12.882495516931343
0.9000000000000001,1.412537544622754,11.748975549395297,10.715193052376065
0.9000000000000001,1.584893192461114,9.549925860214358,8.709635899560807
0.9000000000000001,1.7782794100389228,7.5857757502918375,7.079457843841379
0.9000000000000001,1.9952623149688788,6.165950018614822,5.7543993733715695
0.9500000000000001,0.000630957344480193,0,1621.8100973589299
0.9500000000000001,0.0007079457843841374,0,1621.8100973589299
0.9500000000000001,0.0007943282347242813,0,1621.8100973589299
0.9500000000000001,0.000891250938133745,0,1621.8100973589299
0.9500000000000001,0.001,0,1621.8100973589299
0.9500000000000001,0.001122018454301963,0,1621.8100973589299
0.9500000000000001,0.0012589254117941662,0,1621.8100973589299
0.9500000000000001,0.001412537544622754,0,1621.8100973589299
0.9500000000000001,0.0015848931924611126,0,1621.8100973589299
0.9500000000000001,0.0017782794100389228,0,1621.8100973589299
0.9500000000000001,0.001995262314968879,0,1584.893192461114
0.9500000000000001,0.0022387211385683377,0,1584.893192461114
0.9500000000000001,0.0025118864315095794,0,1584.893192461114
0.9500000000000001,0.002818382931264452,0,1584.893192461114
0.9500000000000001,0.0031622776601683794,0,1584.893192461114
0.9500000000000001,0.0035481338923357532,0,1584.893192461114
0.9500000000000001,0.003981071705534969,0,1584.893192461114
0.9500000000000001,0.0044668359215096305,0,1584.893192461114
0.9500000000000001,0.005011872336272719,0,1548.816618912481
0.9500000000000001,0.005623413251903491,0,1548.816618912481
0.9500000000000001,0.00630957344480193,0,1548.816618912481
0.9500000000000001,0.0070794578438413735,0,1548.816618912481
0.9500000000000001,0.007943282347242814,0,1513.5612484362086
0.9500000000000001,0.008912509381337459,0,1513.5612484362086
0.9500000000000001,0.01,2.4547089156850334e7,1513.5612484362086
0.9500000000000001,0.01122018454301963,1.698243652461746e7,1479.1083881682073
0.9500000000000001,0.012589254117941668,1.1748975549395302e7,1479.1083881682073
0.9500000000000001,0.01412537544622754,8.128305161640995e6,1445.439770745928
0.9500000000000001,0.015848931924611134,5.754399373371567e6,1412.537544622754
0.9500000000000001,0.01778279410038923,3.9810717055349774e6,1412.537544622754
0.9500000000000001,0.01995262314968879,2.754228703338169e6,1380.3842646028852
0.9500000000000001,0.02238721138568339,1.9054607179632483e6,1348.9628825916532
0.9500000000000001,0.025118864315095794,1.3182567385564074e6,1318.2567385564075
0.9500000000000001,0.028183829312644536,912010.8393559096,1288.2495516931335
0.9500000000000001,0.03162277660168379,645654.2290346563,1258.9254117941675
0.9500000000000001,0.03548133892335753,446683.5921509635,1230.268770812381
0.9500000000000001,0.03981071705534971,309029.5432513592,1174.8975549395302
0.9500000000000001,0.0446683592150963,213796.20895022326,1148.1536214968828
0.9500000000000001,0.05011872336272722,147910.83881682073,1096.4781961431852
0.9500000000000001,0.05623413251903491,102329.29922807537,1047.1285480508996
0.9500000000000001,0.0630957344480193,72443.59600749906,1000.
0.9500000000000001,0.0707945784384138,50118.72336272725,954.992586021436
0.9500000000000001,0.07943282347242814,8511.380382023768,891.2509381337459
0.9500000000000001,0.0891250938133745,6760.829753919818,851.1380382023768
0.9500000000000001,0.1,5495.408738576249,794.3282347242813
0.9500000000000001,0.1122018454301963,4466.835921509631,724.4359600749899
0.9500000000000001,0.12589254117941676,3630.780547701014,676.0829753919819
0.9500000000000001,0.1412537544622754,2884.031503126606,616.5950018614822
0.9500000000000001,0.15848931924611143,2344.228815319923,562.341325190349
0.9500000000000001,0.1778279410038923,1905.4607179632483,512.8613839913648
0.9500000000000001,0.1995262314968879,1548.816618912481,467.73514128719813
0.9500000000000001,0.223872113856834,1258.9254117941675,416.8693834703355
0.9500000000000001,0.25118864315095796,1000.,371.5352290971724
0.9500000000000001,0.2818382931264455,812.8305161640995,331.1311214825911
0.9500000000000001,0.31622776601683794,660.6934480075957,288.40315031266056
0.9500000000000001,0.3548133892335753,537.0317963702527,251.18864315095797
0.9500000000000001,0.3981071705534973,426.57951880159254,218.77616239495518
0.9500000000000001,0.44668359215096304,346.73685045253166,190.54607179632484
0.9500000000000001,0.5011872336272725,281.8382931264455,162.18100973589299
0.9500000000000001,0.5623413251903491,229.08676527677724,138.03842646028852
0.9500000000000001,0.630957344480193,186.20871366628674,117.48975549395291
0.9500000000000001,0.707945784384138,147.91083881682073,100.
0.9500000000000001,0.7943282347242814,120.22644346174131,85.11380382023764
0.9500000000000001,0.8912509381337459,97.72372209558107,70.79457843841381
0.9500000000000001,1.,79.43282347242817,58.8843655355589
0.9500000000000001,1.122018454301963,64.56542290346556,48.97788193684461
0.9500000000000001,1.2589254117941675,51.28613839913648,40.73802778041128
0.9500000000000001,1.412537544622754,41.68693834703355,33.884415613920254
0.9500000000000001,1.584893192461114,33.884415613920254,28.183829312644534
0.9500000000000001,1.7782794100389228,27.542287033381662,23.442288153199225
0.9500000000000001,1.9952623149688788,22.3872113856834,19.054607179632473
1.,0.000630957344480193,0,1479.1083881682073
1.,0.0007079457843841374,0,1479.1083881682073
1.,0.0007943282347242813,0,1479.1083881682073
1.,0.000891250938133745,0,1479.1083881682073
1.,0.001,0,1479.1083881682073
1.,0.001122018454301963,0,1479.1083881682073
1.,0.0012589254117941662,0,1479.1083881682073
1.,0.001412537544622754,0,1479.1083881682073
1.,0.0015848931924611126,0,1479.1083881682073
1.,0.0017782794100389228,0,1479.1083881682073
1.,0.001995262314968879,0,1479.1083881682073
1.,0.0022387211385683377,0,1479.1083881682073
1.,0.0025118864315095794,0,1479.1083881682073
1.,0.002818382931264452,0,1479.1083881682073
1.,0.0031622776601683794,0,1479.1083881682073
1.,0.0035481338923357532,0,1479.1083881682073
1.,0.003981071705534969,0,1479.1083881682073
1.,0.0044668359215096305,0,1479.1083881682073
1.,0.005011872336272719,0,1479.1083881682073
1.,0.005623413251903491,0,1479.1083881682073
1.,0.00630957344480193,0,1479.1083881682073
1.,0.0070794578438413735,0,1479.1083881682073
1.,0.007943282347242814,0,1479.1083881682073
1.,0.008912509381337459,0,1479.1083881682073
1.,0.01,0,1479.1083881682073
1.,0.01122018454301963,0,1479.1083881682073
1.,0.012589254117941668,0,1479.1083881682073
1.,0.01412537544622754,0,1479.1083881682073
1.,0.015848931924611134,0,1479.1083881682073
1.,0.01778279410038923,0,1479.1083881682073
1.,0.01995262314968879,0,1479.1083881682073
1.,0.02238721138568339,0,1479.1083881682073
1.,0.025118864315095794,0,1479.1083881682073
1.,0.028183829312644536,0,1479.1083881682073
1.,0.03162277660168379,0,1479.1083881682073
1.,0.03548133892335753,0,1479.1083881682073
1.,0.03981071705534971,0,1479.1083881682073
1.,0.0446683592150963,0,1479.1083881682073
1.,0.05011872336272722,0,1479.1083881682073
1.,0.05623413251903491,0,1479.1083881682073
1.,0.0630957344480193,0,1479.1083881682073
1.,0.0707945784384138,0,1479.1083881682073
1.,0.07943282347242814,0,1479.1083881682073
1.,0.0891250938133745,0,1479.1083881682073
1.,0.1,0,1479.1083881682073
1.,0.1122018454301963,0,1479.1083881682073
1.,0.12589254117941676,0,1479.1083881682073
1.,0.1412537544622754,0,1479.1083881682073
1.,0.15848931924611143,0,1479.1083881682073
1.,0.1778279410038923,0,1479.1083881682073
1.,0.1995262314968879,0,1479.1083881682073
1.,0.223872113856834,0,1479.1083881682073
1.,0.25118864315095796,0,1479.1083881682073
1.,0.2818382931264455,0,1479.1083881682073
1.,0.31622776601683794,0,1479.1083881682073
1.,0.3548133892335753,0,1479.1083881682073
1.,0.3981071705534973,0,1479.1083881682073
1.,0.44668359215096304,0,1479.1083881682073
1.,0.5011872336272725,0,1479.1083881682073
1.,0.5623413251903491,0,1479.1083881682073
1.,0.630957344480193,0,1479.1083881682073
1.,0.707945784384138,0,1479.1083881682073
1.,0.7943282347242814,0,1479.1083881682073
1.,0.8912509381337459,0,1479.1083881682073
1.,1.,0,1479.1083881682073
1.,1.122018454301963,0,1479.1083881682073
1.,1.2589254117941675,0,1479.1083881682073
1.,1.412537544622754,0,1479.1083881682073
1.,1.584893192461114,0,1479.1083881682073
1.,1.7782794100389228,0,1479.1083881682073
1.,1.9952623149688788,0,1479.1083881682073
